ID,location_id,service_id
1,543629082697964,1170113060894673,2020-07-16T14:27:50.000000Z,2020-07-16T14:27:50.000000Z
2,565809012321458,616652943932532,2020-07-16T14:27:50.000000Z,2020-07-16T14:27:50.000000Z
3,571969699128717,765115819494380,2020-07-16T14:27:51.000000Z,2020-07-16T14:27:51.000000Z
4,577138792955216,1140332291662029,2020-07-16T14:27:51.000000Z,2020-07-16T14:27:51.000000Z
5,574349076267569,925102157397517,2020-07-16T14:27:52.000000Z,2020-07-16T14:27:52.000000Z
6,580209857140665,1289140698414142,2020-07-16T14:27:52.000000Z,2020-07-16T14:27:52.000000Z
7,585407675930864,959978038980815,2020-07-16T14:27:52.000000Z,2020-07-16T14:27:52.000000Z
8,585676804126726,595076968604503,2020-07-16T14:27:53.000000Z,2020-07-16T14:27:53.000000Z
9,592511260613384,984058750613797,2020-07-16T14:27:53.000000Z,2020-07-16T14:27:53.000000Z
10,602724412494897,924628911683577,2020-07-16T14:27:53.000000Z,2020-07-16T14:27:53.000000Z
11,605860875832060,620132940242525,2020-07-16T14:27:54.000000Z,2020-07-16T14:27:54.000000Z
12,549681153080082,828792720206018,2020-07-16T14:27:54.000000Z,2020-07-16T14:27:54.000000Z
13,563588572334023,924628911683577,2020-07-16T14:27:55.000000Z,2020-07-16T14:27:55.000000Z
14,565227181581504,628637355176202,2020-07-16T14:27:55.000000Z,2020-07-16T14:27:55.000000Z
15,566502197729713,1183011241112934,2020-07-16T14:27:55.000000Z,2020-07-16T14:27:55.000000Z
16,567631577251008,1112335428289741,2020-07-16T14:27:56.000000Z,2020-07-16T14:27:56.000000Z
17,569770427910971,875107767611380,2020-07-16T14:27:56.000000Z,2020-07-16T14:27:56.000000Z
18,569770427910971,608497828316445,2020-07-16T14:27:56.000000Z,2020-07-16T14:27:56.000000Z
19,569770427910971,1282997809596504,2020-07-16T14:27:56.000000Z,2020-07-16T14:27:56.000000Z
20,573528188325499,688457108968845,2020-07-16T14:27:57.000000Z,2020-07-16T14:27:57.000000Z
21,577390293811162,901362892558172,2020-07-16T14:27:58.000000Z,2020-07-16T14:27:58.000000Z
22,577584068562238,828792720206018,2020-07-16T14:27:58.000000Z,2020-07-16T14:27:58.000000Z
23,579430499829276,1108850981657232,2020-07-16T14:27:59.000000Z,2020-07-16T14:27:59.000000Z
24,579430499829276,1166799153375505,2020-07-16T14:28:00.000000Z,2020-07-16T14:28:00.000000Z
25,576262745925884,1098817401970888,2020-07-16T14:28:00.000000Z,2020-07-16T14:28:00.000000Z
26,596474071852609,873273529728080,2020-07-16T14:28:00.000000Z,2020-07-16T14:28:00.000000Z
27,596474071852609,909942619088980,2020-07-16T14:28:00.000000Z,2020-07-16T14:28:00.000000Z
28,607885233270947,950009053464384,2020-07-16T14:28:01.000000Z,2020-07-16T14:28:01.000000Z
29,610489256524292,1183011241112934,2020-07-16T14:28:01.000000Z,2020-07-16T14:28:01.000000Z
30,561778285748604,857875532631251,2020-07-16T14:28:01.000000Z,2020-07-16T14:28:01.000000Z
31,573931060003252,1185969381076176,2020-07-16T14:28:02.000000Z,2020-07-16T14:28:02.000000Z
32,577558646630251,923653351035648,2020-07-16T14:28:02.000000Z,2020-07-16T14:28:02.000000Z
33,576988108950338,1209121324412172,2020-07-16T14:28:03.000000Z,2020-07-16T14:28:03.000000Z
34,580719808472057,1135122975308953,2020-07-16T14:28:03.000000Z,2020-07-16T14:28:03.000000Z
35,580120354830667,1098817401970888,2020-07-16T14:28:03.000000Z,2020-07-16T14:28:03.000000Z
36,586827752329383,1044869288351593,2020-07-16T14:28:04.000000Z,2020-07-16T14:28:04.000000Z
37,586062612640149,1282458965799792,2020-07-16T14:28:04.000000Z,2020-07-16T14:28:04.000000Z
38,586062612640149,964869638930274,2020-07-16T14:28:04.000000Z,2020-07-16T14:28:04.000000Z
39,586062612640149,629348329513757,2020-07-16T14:28:05.000000Z,2020-07-16T14:28:05.000000Z
40,591961230618386,629348329513757,2020-07-16T14:28:06.000000Z,2020-07-16T14:28:06.000000Z
41,597642797256208,936934819762396,2020-07-16T14:28:06.000000Z,2020-07-16T14:28:06.000000Z
42,598601043584489,841307455613093,2020-07-16T14:28:07.000000Z,2020-07-16T14:28:07.000000Z
43,600624054710125,728145736382163,2020-07-16T14:28:07.000000Z,2020-07-16T14:28:07.000000Z
44,605724148465394,1261619093567791,2020-07-16T14:28:07.000000Z,2020-07-16T14:28:07.000000Z
45,607894816484467,547920365968268,2020-07-16T14:28:07.000000Z,2020-07-16T14:28:07.000000Z
46,611590713528319,906651913636867,2020-07-16T14:28:08.000000Z,2020-07-16T14:28:08.000000Z
47,612611049847328,1209121324412172,2020-07-16T14:28:09.000000Z,2020-07-16T14:28:09.000000Z
48,606631780927132,629348329513757,2020-07-16T14:28:09.000000Z,2020-07-16T14:28:09.000000Z
49,627629263527494,947853021041099,2020-07-16T14:28:10.000000Z,2020-07-16T14:28:10.000000Z
50,629844217460402,1201917781354008,2020-07-16T14:28:10.000000Z,2020-07-16T14:28:10.000000Z
51,570068555050262,848686188808388,2020-07-16T14:28:10.000000Z,2020-07-16T14:28:10.000000Z
52,593910008000184,545659771156125,2020-07-16T14:28:10.000000Z,2020-07-16T14:28:10.000000Z
53,595263959299318,1116781625364190,2020-07-16T14:28:11.000000Z,2020-07-16T14:28:11.000000Z
54,599402007780126,1044869288351593,2020-07-16T14:28:11.000000Z,2020-07-16T14:28:11.000000Z
55,623011864568715,1307285743296604,2020-07-16T14:28:12.000000Z,2020-07-16T14:28:12.000000Z
56,627323919512057,1091435530922324,2020-07-16T14:28:12.000000Z,2020-07-16T14:28:12.000000Z
57,633712201049185,920364967013405,2020-07-16T14:28:12.000000Z,2020-07-16T14:28:12.000000Z
58,633712201049185,1054369210651155,2020-07-16T14:28:12.000000Z,2020-07-16T14:28:12.000000Z
59,633702102837581,764854375292129,2020-07-16T14:28:12.000000Z,2020-07-16T14:28:12.000000Z
60,636733000958441,1159564548417950,2020-07-16T14:28:13.000000Z,2020-07-16T14:28:13.000000Z
61,580520440912412,1282458965799792,2020-07-16T14:28:14.000000Z,2020-07-16T14:28:14.000000Z
62,580520440912412,964869638930274,2020-07-16T14:28:14.000000Z,2020-07-16T14:28:14.000000Z
63,580520440912412,629348329513757,2020-07-16T14:28:14.000000Z,2020-07-16T14:28:14.000000Z
64,581022793280171,947853021041099,2020-07-16T14:28:15.000000Z,2020-07-16T14:28:15.000000Z
65,588693422814528,924628911683577,2020-07-16T14:28:15.000000Z,2020-07-16T14:28:15.000000Z
66,596938254485583,1289140698414142,2020-07-16T14:28:16.000000Z,2020-07-16T14:28:16.000000Z
67,595461104582359,610894518918920,2020-07-16T14:28:16.000000Z,2020-07-16T14:28:16.000000Z
68,602650991439185,594960886051316,2020-07-16T14:28:17.000000Z,2020-07-16T14:28:17.000000Z
69,602650991439185,999755198000719,2020-07-16T14:28:17.000000Z,2020-07-16T14:28:17.000000Z
70,607074649518713,836904778271068,2020-07-16T14:28:17.000000Z,2020-07-16T14:28:17.000000Z
71,612309985819526,771634087422781,2020-07-16T14:28:17.000000Z,2020-07-16T14:28:17.000000Z
72,609582364629457,770635363010046,2020-07-16T14:28:18.000000Z,2020-07-16T14:28:18.000000Z
73,609582364629457,1002753920993717,2020-07-16T14:28:18.000000Z,2020-07-16T14:28:18.000000Z
74,615519347288251,876397346396032,2020-07-16T14:28:19.000000Z,2020-07-16T14:28:19.000000Z
75,617097787641398,1000709017081839,2020-07-16T14:28:19.000000Z,2020-07-16T14:28:19.000000Z
76,615186024715740,920364967013405,2020-07-16T14:28:20.000000Z,2020-07-16T14:28:20.000000Z
77,615186024715740,1054369210651155,2020-07-16T14:28:20.000000Z,2020-07-16T14:28:20.000000Z
78,615914620488320,1223680649678241,2020-07-16T14:28:20.000000Z,2020-07-16T14:28:20.000000Z
79,620920746047249,1297060122320888,2020-07-16T14:28:21.000000Z,2020-07-16T14:28:21.000000Z
80,621104147916374,931886810745529,2020-07-16T14:28:21.000000Z,2020-07-16T14:28:21.000000Z
81,632654541686281,947434898715713,2020-07-16T14:28:21.000000Z,2020-07-16T14:28:21.000000Z
82,645815813705213,911858349594317,2020-07-16T14:28:22.000000Z,2020-07-16T14:28:22.000000Z
83,645384002034771,1186014650404910,2020-07-16T14:28:22.000000Z,2020-07-16T14:28:22.000000Z
84,590895767819582,911858349594317,2020-07-16T14:28:22.000000Z,2020-07-16T14:28:22.000000Z
85,597026276891169,959978038980815,2020-07-16T14:28:23.000000Z,2020-07-16T14:28:23.000000Z
86,605446506944549,818297935399976,2020-07-16T14:28:24.000000Z,2020-07-16T14:28:24.000000Z
87,610721171447543,903707682119815,2020-07-16T14:28:24.000000Z,2020-07-16T14:28:24.000000Z
88,615988503257217,1282458965799792,2020-07-16T14:28:24.000000Z,2020-07-16T14:28:24.000000Z
89,615988503257217,964869638930274,2020-07-16T14:28:24.000000Z,2020-07-16T14:28:24.000000Z
90,615988503257217,629348329513757,2020-07-16T14:28:24.000000Z,2020-07-16T14:28:24.000000Z
91,626403044236059,547920365968268,2020-07-16T14:28:25.000000Z,2020-07-16T14:28:25.000000Z
92,638393936667053,920364967013405,2020-07-16T14:28:25.000000Z,2020-07-16T14:28:25.000000Z
93,638393936667053,1054369210651155,2020-07-16T14:28:25.000000Z,2020-07-16T14:28:25.000000Z
94,642012149083751,818839794992906,2020-07-16T14:28:26.000000Z,2020-07-16T14:28:26.000000Z
95,642012149083751,788509441386056,2020-07-16T14:28:26.000000Z,2020-07-16T14:28:26.000000Z
96,647183151936796,931886810745529,2020-07-16T14:28:26.000000Z,2020-07-16T14:28:26.000000Z
97,657511678545226,547920365968268,2020-07-16T14:28:27.000000Z,2020-07-16T14:28:27.000000Z
98,660868979951197,838780960881380,2020-07-16T14:28:27.000000Z,2020-07-16T14:28:27.000000Z
99,662641889613680,1012923803825523,2020-07-16T14:28:28.000000Z,2020-07-16T14:28:28.000000Z
100,616047069998063,924628911683577,2020-07-16T14:28:28.000000Z,2020-07-16T14:28:28.000000Z
101,616081055315775,828792720206018,2020-07-16T14:28:28.000000Z,2020-07-16T14:28:28.000000Z
102,617081192222015,818820237164190,2020-07-16T14:28:29.000000Z,2020-07-16T14:28:29.000000Z
103,617081192222015,1091435530922324,2020-07-16T14:28:29.000000Z,2020-07-16T14:28:29.000000Z
104,617081192222015,979563581148756,2020-07-16T14:28:29.000000Z,2020-07-16T14:28:29.000000Z
105,617081192222015,1240567562394258,2020-07-16T14:28:29.000000Z,2020-07-16T14:28:29.000000Z
106,623630268141505,1108850981657232,2020-07-16T14:28:30.000000Z,2020-07-16T14:28:30.000000Z
107,623630268141505,1166799153375505,2020-07-16T14:28:30.000000Z,2020-07-16T14:28:30.000000Z
108,640103169037193,671468679071199,2020-07-16T14:28:31.000000Z,2020-07-16T14:28:31.000000Z
109,647772152541651,931886810745529,2020-07-16T14:28:32.000000Z,2020-07-16T14:28:32.000000Z
110,651504031814159,1220597047470925,2020-07-16T14:28:33.000000Z,2020-07-16T14:28:33.000000Z
111,657179015884472,924628911683577,2020-07-16T14:28:33.000000Z,2020-07-16T14:28:33.000000Z
112,657179015884472,805806723754090,2020-07-16T14:28:33.000000Z,2020-07-16T14:28:33.000000Z
113,657179015884472,1179174778771993,2020-07-16T14:28:33.000000Z,2020-07-16T14:28:33.000000Z
114,668000665510895,882333039588739,2020-07-16T14:28:34.000000Z,2020-07-16T14:28:34.000000Z
115,668729683192909,950009053464384,2020-07-16T14:28:38.000000Z,2020-07-16T14:28:38.000000Z
116,666406976354887,920364967013405,2020-07-16T14:28:38.000000Z,2020-07-16T14:28:38.000000Z
117,666406976354887,1054369210651155,2020-07-16T14:28:38.000000Z,2020-07-16T14:28:38.000000Z
118,667209917494721,1282604214927911,2020-07-16T14:28:39.000000Z,2020-07-16T14:28:39.000000Z
119,667209917494721,856126341619748,2020-07-16T14:28:39.000000Z,2020-07-16T14:28:39.000000Z
120,667209917494721,979447652621070,2020-07-16T14:28:39.000000Z,2020-07-16T14:28:39.000000Z
121,605774245554167,1161706256775181,2020-07-16T14:28:39.000000Z,2020-07-16T14:28:39.000000Z
122,613307132570587,728145736382163,2020-07-16T14:28:40.000000Z,2020-07-16T14:28:40.000000Z
123,615976785591225,547920365968268,2020-07-16T14:28:40.000000Z,2020-07-16T14:28:40.000000Z
124,614149741156528,1277910214924473,2020-07-16T14:28:41.000000Z,2020-07-16T14:28:41.000000Z
125,630366887360887,768745938934251,2020-07-16T14:28:41.000000Z,2020-07-16T14:28:41.000000Z
126,630366887360887,933134498085222,2020-07-16T14:28:41.000000Z,2020-07-16T14:28:41.000000Z
127,630366887360887,806168781795597,2020-07-16T14:28:41.000000Z,2020-07-16T14:28:41.000000Z
128,636134392103308,1147455525775238,2020-07-16T14:28:41.000000Z,2020-07-16T14:28:41.000000Z
129,637113061667348,964869638930274,2020-07-16T14:28:42.000000Z,2020-07-16T14:28:42.000000Z
130,637113061667348,629348329513757,2020-07-16T14:28:42.000000Z,2020-07-16T14:28:42.000000Z
131,637918031832415,1159564548417950,2020-07-16T14:28:42.000000Z,2020-07-16T14:28:42.000000Z
132,639340474137848,806168781795597,2020-07-16T14:28:44.000000Z,2020-07-16T14:28:44.000000Z
133,644091225156703,924628911683577,2020-07-16T14:28:44.000000Z,2020-07-16T14:28:44.000000Z
134,644620777168393,1264011549910449,2020-07-16T14:28:45.000000Z,2020-07-16T14:28:45.000000Z
135,674557198522049,1170113060894673,2020-07-16T14:28:45.000000Z,2020-07-16T14:28:45.000000Z
136,674557198522049,868710877316469,2020-07-16T14:28:45.000000Z,2020-07-16T14:28:45.000000Z
137,619922899003410,924628911683577,2020-07-16T14:28:46.000000Z,2020-07-16T14:28:46.000000Z
138,627760898509669,924628911683577,2020-07-16T14:28:46.000000Z,2020-07-16T14:28:46.000000Z
139,642601279257974,994308933727557,2020-07-16T14:28:48.000000Z,2020-07-16T14:28:48.000000Z
140,646395612481753,595592759444028,2020-07-16T14:28:48.000000Z,2020-07-16T14:28:48.000000Z
141,644648091160119,1186014650404910,2020-07-16T14:28:49.000000Z,2020-07-16T14:28:49.000000Z
142,651208869509343,920364967013405,2020-07-16T14:28:50.000000Z,2020-07-16T14:28:50.000000Z
143,651208869509343,1054369210651155,2020-07-16T14:28:50.000000Z,2020-07-16T14:28:50.000000Z
144,653156323573606,1001921907887485,2020-07-16T14:28:51.000000Z,2020-07-16T14:28:51.000000Z
145,653858529595915,1108000021700211,2020-07-16T14:28:52.000000Z,2020-07-16T14:28:52.000000Z
146,653858529595915,948736838709158,2020-07-16T14:28:52.000000Z,2020-07-16T14:28:52.000000Z
147,653858529595915,1229901678210145,2020-07-16T14:28:52.000000Z,2020-07-16T14:28:52.000000Z
148,653858529595915,880015218951352,2020-07-16T14:28:52.000000Z,2020-07-16T14:28:52.000000Z
149,653858529595915,955920420939787,2020-07-16T14:28:52.000000Z,2020-07-16T14:28:52.000000Z
150,671724061345975,728145736382163,2020-07-16T14:28:55.000000Z,2020-07-16T14:28:55.000000Z
151,672042329600890,593420875501329,2020-07-16T14:28:56.000000Z,2020-07-16T14:28:56.000000Z
152,670644496333952,813926334906214,2020-07-16T14:28:57.000000Z,2020-07-16T14:28:57.000000Z
153,670644496333952,1191165945054651,2020-07-16T14:28:58.000000Z,2020-07-16T14:28:58.000000Z
154,670644496333952,816301601038577,2020-07-16T14:28:58.000000Z,2020-07-16T14:28:58.000000Z
155,672539129008408,1108850981657232,2020-07-16T14:29:00.000000Z,2020-07-16T14:29:00.000000Z
156,672539129008408,1166799153375505,2020-07-16T14:29:00.000000Z,2020-07-16T14:29:00.000000Z
157,678882337307747,1104646684650585,2020-07-16T14:29:01.000000Z,2020-07-16T14:29:01.000000Z
158,678882337307747,1321118518935089,2020-07-16T14:29:01.000000Z,2020-07-16T14:29:01.000000Z
159,685821962980238,1159564548417950,2020-07-16T14:29:04.000000Z,2020-07-16T14:29:04.000000Z
160,688139575815288,547920365968268,2020-07-16T14:29:05.000000Z,2020-07-16T14:29:05.000000Z
161,634028809032783,920572231138004,2020-07-16T14:29:05.000000Z,2020-07-16T14:29:05.000000Z
162,635136975520891,620132940242525,2020-07-16T14:29:06.000000Z,2020-07-16T14:29:06.000000Z
163,635156280108722,674131229606594,2020-07-16T14:29:07.000000Z,2020-07-16T14:29:07.000000Z
164,636128659634571,1220017101351760,2020-07-16T14:29:07.000000Z,2020-07-16T14:29:07.000000Z
165,641610186670486,1104646684650585,2020-07-16T14:29:07.000000Z,2020-07-16T14:29:07.000000Z
166,647232963972591,628637355176202,2020-07-16T14:29:08.000000Z,2020-07-16T14:29:08.000000Z
167,647808349539409,791197553917784,2020-07-16T14:29:08.000000Z,2020-07-16T14:29:08.000000Z
168,648224105090520,1147823510376197,2020-07-16T14:29:09.000000Z,2020-07-16T14:29:09.000000Z
169,647361700663696,572381295862246,2020-07-16T14:29:10.000000Z,2020-07-16T14:29:10.000000Z
170,652574554780668,799908624348129,2020-07-16T14:29:11.000000Z,2020-07-16T14:29:11.000000Z
171,656905764489449,572381295862246,2020-07-16T14:29:11.000000Z,2020-07-16T14:29:11.000000Z
172,662348348100050,1287901333269561,2020-07-16T14:29:12.000000Z,2020-07-16T14:29:12.000000Z
173,658231090559812,977589590864235,2020-07-16T14:29:12.000000Z,2020-07-16T14:29:12.000000Z
174,658231090559812,1321118518935089,2020-07-16T14:29:12.000000Z,2020-07-16T14:29:12.000000Z
175,668963134824856,1154204314985719,2020-07-16T14:29:13.000000Z,2020-07-16T14:29:13.000000Z
176,665682144219766,1254506542357377,2020-07-16T14:29:13.000000Z,2020-07-16T14:29:13.000000Z
177,673534610271949,920364967013405,2020-07-16T14:29:14.000000Z,2020-07-16T14:29:14.000000Z
178,673534610271949,1054369210651155,2020-07-16T14:29:14.000000Z,2020-07-16T14:29:14.000000Z
179,679830596478752,1186014650404910,2020-07-16T14:29:15.000000Z,2020-07-16T14:29:15.000000Z
180,680052874958118,640375823525191,2020-07-16T14:29:15.000000Z,2020-07-16T14:29:15.000000Z
181,681767171553959,728145736382163,2020-07-16T14:29:17.000000Z,2020-07-16T14:29:17.000000Z
182,682308202362189,1106602330344467,2020-07-16T14:29:17.000000Z,2020-07-16T14:29:17.000000Z
183,684439431487008,948165240614648,2020-07-16T14:29:18.000000Z,2020-07-16T14:29:18.000000Z
184,685530407413205,814720878521693,2020-07-16T14:29:18.000000Z,2020-07-16T14:29:18.000000Z
185,688871630742360,875107767611380,2020-07-16T14:29:19.000000Z,2020-07-16T14:29:19.000000Z
186,688871630742360,608497828316445,2020-07-16T14:29:19.000000Z,2020-07-16T14:29:19.000000Z
187,688871630742360,1282997809596504,2020-07-16T14:29:19.000000Z,2020-07-16T14:29:19.000000Z
188,695948265970000,728145736382163,2020-07-16T14:29:19.000000Z,2020-07-16T14:29:19.000000Z
189,699058261887909,1289997318242966,2020-07-16T14:29:20.000000Z,2020-07-16T14:29:20.000000Z
190,699918289813778,959978038980815,2020-07-16T14:29:20.000000Z,2020-07-16T14:29:20.000000Z
191,705771849785076,947853021041099,2020-07-16T14:29:21.000000Z,2020-07-16T14:29:21.000000Z
192,713046095331473,763729877559385,2020-07-16T14:29:22.000000Z,2020-07-16T14:29:22.000000Z
193,713046095331473,641740493818315,2020-07-16T14:29:22.000000Z,2020-07-16T14:29:22.000000Z
194,724876636641588,614054990318357,2020-07-16T14:29:24.000000Z,2020-07-16T14:29:24.000000Z
195,738209311024775,547920365968268,2020-07-16T14:29:25.000000Z,2020-07-16T14:29:25.000000Z
196,735696343430795,1090162375763715,2020-07-16T14:29:26.000000Z,2020-07-16T14:29:26.000000Z
197,735696343430795,1146632771763115,2020-07-16T14:29:26.000000Z,2020-07-16T14:29:26.000000Z
198,735696343430795,1000709017081839,2020-07-16T14:29:26.000000Z,2020-07-16T14:29:26.000000Z
199,741770132344686,920364967013405,2020-07-16T14:29:27.000000Z,2020-07-16T14:29:27.000000Z
200,741770132344686,1054369210651155,2020-07-16T14:29:27.000000Z,2020-07-16T14:29:27.000000Z
201,748177592722248,977589590864235,2020-07-16T14:29:27.000000Z,2020-07-16T14:29:27.000000Z
202,748177592722248,946508354826345,2020-07-16T14:29:27.000000Z,2020-07-16T14:29:27.000000Z
203,748177592722248,1321118518935089,2020-07-16T14:29:27.000000Z,2020-07-16T14:29:27.000000Z
204,767585807206000,933134498085222,2020-07-16T14:29:29.000000Z,2020-07-16T14:29:29.000000Z
205,768961725734908,866160986976618,2020-07-16T14:29:29.000000Z,2020-07-16T14:29:29.000000Z
206,767255821745825,977589590864235,2020-07-16T14:29:30.000000Z,2020-07-16T14:29:30.000000Z
207,767255821745825,1321118518935089,2020-07-16T14:29:30.000000Z,2020-07-16T14:29:30.000000Z
208,774338968156105,868710877316469,2020-07-16T14:29:31.000000Z,2020-07-16T14:29:31.000000Z
209,772580143837637,743353111808252,2020-07-16T14:29:32.000000Z,2020-07-16T14:29:32.000000Z
210,777481511640778,659628565110513,2020-07-16T14:29:32.000000Z,2020-07-16T14:29:32.000000Z
211,777479494055010,546085340417620,2020-07-16T14:29:33.000000Z,2020-07-16T14:29:33.000000Z
212,718050681265809,931728525653879,2020-07-16T14:29:34.000000Z,2020-07-16T14:29:34.000000Z
213,718050681265809,1053529725692782,2020-07-16T14:29:34.000000Z,2020-07-16T14:29:34.000000Z
214,718050681265809,647497712481280,2020-07-16T14:29:34.000000Z,2020-07-16T14:29:34.000000Z
215,721115353360225,959978038980815,2020-07-16T14:29:36.000000Z,2020-07-16T14:29:36.000000Z
216,723134469644452,924628911683577,2020-07-16T14:29:36.000000Z,2020-07-16T14:29:36.000000Z
217,727116699390008,964869638930274,2020-07-16T14:29:36.000000Z,2020-07-16T14:29:36.000000Z
218,727116699390008,629348329513757,2020-07-16T14:29:36.000000Z,2020-07-16T14:29:36.000000Z
219,725916932978557,1298013609220199,2020-07-16T14:29:37.000000Z,2020-07-16T14:29:37.000000Z
220,733244062080278,803526594539754,2020-07-16T14:29:37.000000Z,2020-07-16T14:29:37.000000Z
221,734280780069484,1186014650404910,2020-07-16T14:29:39.000000Z,2020-07-16T14:29:39.000000Z
222,739078424499970,1282458965799792,2020-07-16T14:29:39.000000Z,2020-07-16T14:29:39.000000Z
223,739078424499970,964869638930274,2020-07-16T14:29:39.000000Z,2020-07-16T14:29:39.000000Z
224,739078424499970,629348329513757,2020-07-16T14:29:39.000000Z,2020-07-16T14:29:39.000000Z
225,743182672086208,770635363010046,2020-07-16T14:29:40.000000Z,2020-07-16T14:29:40.000000Z
226,743182672086208,1002753920993717,2020-07-16T14:29:40.000000Z,2020-07-16T14:29:40.000000Z
227,754621632893339,1154195373907801,2020-07-16T14:29:41.000000Z,2020-07-16T14:29:41.000000Z
228,757050460311671,572381295862246,2020-07-16T14:29:42.000000Z,2020-07-16T14:29:42.000000Z
229,757455042685009,768639914164498,2020-07-16T14:29:42.000000Z,2020-07-16T14:29:42.000000Z
230,757455042685009,1052799655566995,2020-07-16T14:29:42.000000Z,2020-07-16T14:29:42.000000Z
231,771378282180941,572381295862246,2020-07-16T14:29:43.000000Z,2020-07-16T14:29:43.000000Z
232,777108871381104,1261924735850333,2020-07-16T14:29:44.000000Z,2020-07-16T14:29:44.000000Z
233,780601488413554,1185866432124387,2020-07-16T14:29:44.000000Z,2020-07-16T14:29:44.000000Z
234,787765929715080,884179044911706,2020-07-16T14:29:45.000000Z,2020-07-16T14:29:45.000000Z
235,786302163414865,928012146500435,2020-07-16T14:29:45.000000Z,2020-07-16T14:29:45.000000Z
236,786302163414865,1246140596600748,2020-07-16T14:29:45.000000Z,2020-07-16T14:29:45.000000Z
237,794527613963060,692842183271323,2020-07-16T14:29:46.000000Z,2020-07-16T14:29:46.000000Z
238,730763164086236,857875532631251,2020-07-16T14:29:47.000000Z,2020-07-16T14:29:47.000000Z
239,748118421956392,1295023062659721,2020-07-16T14:29:47.000000Z,2020-07-16T14:29:47.000000Z
240,747822750998769,1090162375763715,2020-07-16T14:29:47.000000Z,2020-07-16T14:29:47.000000Z
241,747822750998769,1146632771763115,2020-07-16T14:29:47.000000Z,2020-07-16T14:29:47.000000Z
242,747822750998769,1000709017081839,2020-07-16T14:29:48.000000Z,2020-07-16T14:29:48.000000Z
243,750164217924618,814720878521693,2020-07-16T14:29:49.000000Z,2020-07-16T14:29:49.000000Z
244,758846747979067,1083708956779513,2020-07-16T14:29:50.000000Z,2020-07-16T14:29:50.000000Z
245,761018228722418,1186014650404910,2020-07-16T14:29:51.000000Z,2020-07-16T14:29:51.000000Z
246,765387458092097,1315826372203677,2020-07-16T14:29:54.000000Z,2020-07-16T14:29:54.000000Z
247,767682966554088,964869638930274,2020-07-16T14:29:55.000000Z,2020-07-16T14:29:55.000000Z
248,767682966554088,629348329513757,2020-07-16T14:29:55.000000Z,2020-07-16T14:29:55.000000Z
249,770135966287034,1116781625364190,2020-07-16T14:29:55.000000Z,2020-07-16T14:29:55.000000Z
250,775356580769657,1185969381076176,2020-07-16T14:29:56.000000Z,2020-07-16T14:29:56.000000Z
251,780286718217610,646558365152210,2020-07-16T14:29:56.000000Z,2020-07-16T14:29:56.000000Z
252,780286718217610,632725434790464,2020-07-16T14:29:56.000000Z,2020-07-16T14:29:56.000000Z
253,784062651801689,629348329513757,2020-07-16T14:29:57.000000Z,2020-07-16T14:29:57.000000Z
254,797834103829212,828792720206018,2020-07-16T14:29:57.000000Z,2020-07-16T14:29:57.000000Z
255,804986111814033,1279341581208919,2020-07-16T14:29:58.000000Z,2020-07-16T14:29:58.000000Z
256,740916631620812,838780960881380,2020-07-16T14:29:58.000000Z,2020-07-16T14:29:58.000000Z
257,753253159497862,936934819762396,2020-07-16T14:29:59.000000Z,2020-07-16T14:29:59.000000Z
258,759287871630149,764854375292129,2020-07-16T14:29:59.000000Z,2020-07-16T14:29:59.000000Z
259,757654002604408,984945374868800,2020-07-16T14:30:00.000000Z,2020-07-16T14:30:00.000000Z
260,762888373958688,1287901333269561,2020-07-16T14:30:01.000000Z,2020-07-16T14:30:01.000000Z
261,771396624281852,920364967013405,2020-07-16T14:30:01.000000Z,2020-07-16T14:30:01.000000Z
262,771396624281852,1054369210651155,2020-07-16T14:30:01.000000Z,2020-07-16T14:30:01.000000Z
263,775820607481251,1282604214927911,2020-07-16T14:30:02.000000Z,2020-07-16T14:30:02.000000Z
264,775820607481251,856126341619748,2020-07-16T14:30:02.000000Z,2020-07-16T14:30:02.000000Z
265,775820607481251,979447652621070,2020-07-16T14:30:02.000000Z,2020-07-16T14:30:02.000000Z
266,777260696695053,594960886051316,2020-07-16T14:30:02.000000Z,2020-07-16T14:30:02.000000Z
267,777260696695053,999755198000719,2020-07-16T14:30:02.000000Z,2020-07-16T14:30:02.000000Z
268,789456565791843,1286648129611472,2020-07-16T14:30:03.000000Z,2020-07-16T14:30:03.000000Z
269,797891805827498,1191156779628062,2020-07-16T14:30:04.000000Z,2020-07-16T14:30:04.000000Z
270,797891805827498,871972134291589,2020-07-16T14:30:04.000000Z,2020-07-16T14:30:04.000000Z
271,797891805827498,968786376614445,2020-07-16T14:30:04.000000Z,2020-07-16T14:30:04.000000Z
272,797891805827498,945061241324147,2020-07-16T14:30:04.000000Z,2020-07-16T14:30:04.000000Z
273,800132260226272,609550690795774,2020-07-16T14:30:04.000000Z,2020-07-16T14:30:04.000000Z
274,803655377623585,1287901333269561,2020-07-16T14:30:04.000000Z,2020-07-16T14:30:04.000000Z
275,801873048546872,628637355176202,2020-07-16T14:30:05.000000Z,2020-07-16T14:30:05.000000Z
276,806428640646955,931728525653879,2020-07-16T14:30:06.000000Z,2020-07-16T14:30:06.000000Z
277,806428640646955,1053529725692782,2020-07-16T14:30:06.000000Z,2020-07-16T14:30:06.000000Z
278,806428640646955,647497712481280,2020-07-16T14:30:06.000000Z,2020-07-16T14:30:06.000000Z
279,807525744099302,594960886051316,2020-07-16T14:30:06.000000Z,2020-07-16T14:30:06.000000Z
280,807525744099302,999755198000719,2020-07-16T14:30:06.000000Z,2020-07-16T14:30:06.000000Z
281,810517634677025,771897230838212,2020-07-16T14:30:07.000000Z,2020-07-16T14:30:07.000000Z
282,750465787434275,1315826372203677,2020-07-16T14:30:07.000000Z,2020-07-16T14:30:07.000000Z
283,753964791303094,1083708956779513,2020-07-16T14:30:08.000000Z,2020-07-16T14:30:08.000000Z
284,765864786771732,644198517647426,2020-07-16T14:30:08.000000Z,2020-07-16T14:30:08.000000Z
285,772454821683547,865999041296626,2020-07-16T14:30:09.000000Z,2020-07-16T14:30:09.000000Z
286,782799413098806,1183011241112934,2020-07-16T14:30:09.000000Z,2020-07-16T14:30:09.000000Z
287,784134299150571,950009053464384,2020-07-16T14:30:09.000000Z,2020-07-16T14:30:09.000000Z
288,784403343985076,920364967013405,2020-07-16T14:30:10.000000Z,2020-07-16T14:30:10.000000Z
289,784403343985076,1054369210651155,2020-07-16T14:30:10.000000Z,2020-07-16T14:30:10.000000Z
290,784662874544792,959978038980815,2020-07-16T14:30:10.000000Z,2020-07-16T14:30:10.000000Z
291,789715981823462,1044869288351593,2020-07-16T14:30:11.000000Z,2020-07-16T14:30:11.000000Z
292,785647685413221,1104646684650585,2020-07-16T14:30:12.000000Z,2020-07-16T14:30:12.000000Z
293,785647685413221,1321118518935089,2020-07-16T14:30:12.000000Z,2020-07-16T14:30:12.000000Z
294,802536341225895,984550353973330,2020-07-16T14:30:13.000000Z,2020-07-16T14:30:13.000000Z
295,805523882999344,946031179775955,2020-07-16T14:30:13.000000Z,2020-07-16T14:30:13.000000Z
296,814817282883148,813926334906214,2020-07-16T14:30:14.000000Z,2020-07-16T14:30:14.000000Z
297,814817282883148,1191165945054651,2020-07-16T14:30:14.000000Z,2020-07-16T14:30:14.000000Z
298,814817282883148,816301601038577,2020-07-16T14:30:14.000000Z,2020-07-16T14:30:14.000000Z
299,814382562390416,803526594539754,2020-07-16T14:30:15.000000Z,2020-07-16T14:30:15.000000Z
300,816660270769024,1146981306227913,2020-07-16T14:30:16.000000Z,2020-07-16T14:30:16.000000Z
301,818563649469922,1286648129611472,2020-07-16T14:30:16.000000Z,2020-07-16T14:30:16.000000Z
302,762171918332918,1104646684650585,2020-07-16T14:30:16.000000Z,2020-07-16T14:30:16.000000Z
303,762171918332918,1321118518935089,2020-07-16T14:30:17.000000Z,2020-07-16T14:30:17.000000Z
304,759682631849783,1154195373907801,2020-07-16T14:30:18.000000Z,2020-07-16T14:30:18.000000Z
305,760885031702204,619784806206149,2020-07-16T14:30:18.000000Z,2020-07-16T14:30:18.000000Z
306,760885031702204,864227644478566,2020-07-16T14:30:18.000000Z,2020-07-16T14:30:18.000000Z
307,760885031702204,1214132387827753,2020-07-16T14:30:18.000000Z,2020-07-16T14:30:18.000000Z
308,765385785732538,828792720206018,2020-07-16T14:30:19.000000Z,2020-07-16T14:30:19.000000Z
309,775111969675006,994012462825446,2020-07-16T14:30:19.000000Z,2020-07-16T14:30:19.000000Z
310,775927218674309,858837023472383,2020-07-16T14:30:20.000000Z,2020-07-16T14:30:20.000000Z
311,775927218674309,1058560288612968,2020-07-16T14:30:20.000000Z,2020-07-16T14:30:20.000000Z
312,785698484366760,646558365152210,2020-07-16T14:30:20.000000Z,2020-07-16T14:30:20.000000Z
313,785698484366760,632725434790464,2020-07-16T14:30:20.000000Z,2020-07-16T14:30:20.000000Z
314,784304581015971,1090162375763715,2020-07-16T14:30:21.000000Z,2020-07-16T14:30:21.000000Z
315,784304581015971,1146632771763115,2020-07-16T14:30:21.000000Z,2020-07-16T14:30:21.000000Z
316,789912082269332,924628911683577,2020-07-16T14:30:21.000000Z,2020-07-16T14:30:21.000000Z
317,810344496794884,547920365968268,2020-07-16T14:30:22.000000Z,2020-07-16T14:30:22.000000Z
318,811709644888130,1163808823186351,2020-07-16T14:30:22.000000Z,2020-07-16T14:30:22.000000Z
319,820685180498221,743353111808252,2020-07-16T14:30:22.000000Z,2020-07-16T14:30:22.000000Z
320,831138417529715,1116781625364190,2020-07-16T14:30:23.000000Z,2020-07-16T14:30:23.000000Z
321,768832404265850,848686188808388,2020-07-16T14:30:23.000000Z,2020-07-16T14:30:23.000000Z
322,793847249153498,1044869288351593,2020-07-16T14:30:24.000000Z,2020-07-16T14:30:24.000000Z
323,796710603642968,841307455613093,2020-07-16T14:30:24.000000Z,2020-07-16T14:30:24.000000Z
324,792954474348824,836904778271068,2020-07-16T14:30:24.000000Z,2020-07-16T14:30:24.000000Z
325,792954474348824,621638073150979,2020-07-16T14:30:24.000000Z,2020-07-16T14:30:24.000000Z
326,792954474348824,1120989994777643,2020-07-16T14:30:24.000000Z,2020-07-16T14:30:24.000000Z
327,792954474348824,1261460579474983,2020-07-16T14:30:24.000000Z,2020-07-16T14:30:24.000000Z
328,794796274007587,594960886051316,2020-07-16T14:30:25.000000Z,2020-07-16T14:30:25.000000Z
329,794796274007587,999755198000719,2020-07-16T14:30:25.000000Z,2020-07-16T14:30:25.000000Z
330,804988563046565,950009053464384,2020-07-16T14:30:26.000000Z,2020-07-16T14:30:26.000000Z
331,807848846460860,906651913636867,2020-07-16T14:30:27.000000Z,2020-07-16T14:30:27.000000Z
332,807542367996268,612166168856784,2020-07-16T14:30:28.000000Z,2020-07-16T14:30:28.000000Z
333,822297863188980,950009053464384,2020-07-16T14:30:29.000000Z,2020-07-16T14:30:29.000000Z
334,825451959778479,1186823261288379,2020-07-16T14:30:29.000000Z,2020-07-16T14:30:29.000000Z
335,836738857450646,994012462825446,2020-07-16T14:30:30.000000Z,2020-07-16T14:30:30.000000Z
336,838994053401205,1147823510376197,2020-07-16T14:30:30.000000Z,2020-07-16T14:30:30.000000Z
337,783798317190015,572381295862246,2020-07-16T14:30:31.000000Z,2020-07-16T14:30:31.000000Z
338,800290835408679,1220017101351760,2020-07-16T14:30:32.000000Z,2020-07-16T14:30:32.000000Z
339,801481287749333,1175342324463616,2020-07-16T14:30:33.000000Z,2020-07-16T14:30:33.000000Z
340,799762672906525,1266854743896634,2020-07-16T14:30:33.000000Z,2020-07-16T14:30:33.000000Z
341,804741531339742,593446361217353,2020-07-16T14:30:34.000000Z,2020-07-16T14:30:34.000000Z
342,813051911788426,813926334906214,2020-07-16T14:30:34.000000Z,2020-07-16T14:30:34.000000Z
343,813051911788426,1191165945054651,2020-07-16T14:30:34.000000Z,2020-07-16T14:30:34.000000Z
344,813051911788426,816301601038577,2020-07-16T14:30:34.000000Z,2020-07-16T14:30:34.000000Z
345,822106893088278,770635363010046,2020-07-16T14:30:35.000000Z,2020-07-16T14:30:35.000000Z
346,822106893088278,1002753920993717,2020-07-16T14:30:35.000000Z,2020-07-16T14:30:35.000000Z
347,830099986846686,1108850981657232,2020-07-16T14:30:36.000000Z,2020-07-16T14:30:36.000000Z
348,830099986846686,1166799153375505,2020-07-16T14:30:36.000000Z,2020-07-16T14:30:36.000000Z
349,832915449530060,1203649171352486,2020-07-16T14:30:36.000000Z,2020-07-16T14:30:36.000000Z
350,834347484127358,1091435530922324,2020-07-16T14:30:36.000000Z,2020-07-16T14:30:36.000000Z
351,830080281630476,1264011549910449,2020-07-16T14:30:37.000000Z,2020-07-16T14:30:37.000000Z
352,837954913596387,1175342324463616,2020-07-16T14:30:37.000000Z,2020-07-16T14:30:37.000000Z
353,850523592271025,1146632771763115,2020-07-16T14:30:38.000000Z,2020-07-16T14:30:38.000000Z
354,850523592271025,1090162375763715,2020-07-16T14:30:38.000000Z,2020-07-16T14:30:38.000000Z
355,850523592271025,803276717045236,2020-07-16T14:30:38.000000Z,2020-07-16T14:30:38.000000Z
356,850523592271025,1000709017081839,2020-07-16T14:30:38.000000Z,2020-07-16T14:30:38.000000Z
357,853468345123345,646558365152210,2020-07-16T14:30:40.000000Z,2020-07-16T14:30:40.000000Z
358,853468345123345,632725434790464,2020-07-16T14:30:40.000000Z,2020-07-16T14:30:40.000000Z
359,787452341993968,1170113060894673,2020-07-16T14:30:41.000000Z,2020-07-16T14:30:41.000000Z
360,794816074234794,959978038980815,2020-07-16T14:30:42.000000Z,2020-07-16T14:30:42.000000Z
361,813497895890135,1162558264395905,2020-07-16T14:30:42.000000Z,2020-07-16T14:30:42.000000Z
362,813553671875388,931728525653879,2020-07-16T14:30:43.000000Z,2020-07-16T14:30:43.000000Z
363,813553671875388,1053529725692782,2020-07-16T14:30:43.000000Z,2020-07-16T14:30:43.000000Z
364,813553671875388,647497712481280,2020-07-16T14:30:43.000000Z,2020-07-16T14:30:43.000000Z
365,817086926506130,1215517692128370,2020-07-16T14:30:45.000000Z,2020-07-16T14:30:45.000000Z
366,822492274972082,1044869288351593,2020-07-16T14:30:45.000000Z,2020-07-16T14:30:45.000000Z
367,825628435745785,1098817401970888,2020-07-16T14:30:46.000000Z,2020-07-16T14:30:46.000000Z
368,821678418698117,574924274540606,2020-07-16T14:30:47.000000Z,2020-07-16T14:30:47.000000Z
369,824247975076202,771897230838212,2020-07-16T14:30:48.000000Z,2020-07-16T14:30:48.000000Z
370,822696272964380,1264011549910449,2020-07-16T14:30:49.000000Z,2020-07-16T14:30:49.000000Z
371,824288922961198,987030255962297,2020-07-16T14:30:49.000000Z,2020-07-16T14:30:49.000000Z
372,832898052878964,911858349594317,2020-07-16T14:30:49.000000Z,2020-07-16T14:30:49.000000Z
373,838392358604924,1083708956779513,2020-07-16T14:30:52.000000Z,2020-07-16T14:30:52.000000Z
374,849919523533582,984058750613797,2020-07-16T14:30:53.000000Z,2020-07-16T14:30:53.000000Z
375,856023638190230,756139435965093,2020-07-16T14:30:53.000000Z,2020-07-16T14:30:53.000000Z
376,859897161557047,1146632771763115,2020-07-16T14:30:54.000000Z,2020-07-16T14:30:54.000000Z
377,859897161557047,1090162375763715,2020-07-16T14:30:54.000000Z,2020-07-16T14:30:54.000000Z
378,859897161557047,803276717045236,2020-07-16T14:30:54.000000Z,2020-07-16T14:30:54.000000Z
379,859897161557047,1000709017081839,2020-07-16T14:30:54.000000Z,2020-07-16T14:30:54.000000Z
380,857913961326886,936934819762396,2020-07-16T14:30:55.000000Z,2020-07-16T14:30:55.000000Z
381,796887413251668,556992607571593,2020-07-16T14:30:56.000000Z,2020-07-16T14:30:56.000000Z
382,800106312438349,770635363010046,2020-07-16T14:30:56.000000Z,2020-07-16T14:30:56.000000Z
383,800106312438349,1002753920993717,2020-07-16T14:30:56.000000Z,2020-07-16T14:30:56.000000Z
384,802246956701009,619784806206149,2020-07-16T14:30:57.000000Z,2020-07-16T14:30:57.000000Z
385,802246956701009,1214132387827753,2020-07-16T14:30:57.000000Z,2020-07-16T14:30:57.000000Z
386,802246956701009,946031179775955,2020-07-16T14:30:57.000000Z,2020-07-16T14:30:57.000000Z
387,805800258888513,1175342324463616,2020-07-16T14:30:57.000000Z,2020-07-16T14:30:57.000000Z
388,821980999983631,547920365968268,2020-07-16T14:30:58.000000Z,2020-07-16T14:30:58.000000Z
389,822081621672598,865063089655254,2020-07-16T14:30:58.000000Z,2020-07-16T14:30:58.000000Z
390,833788770520302,1104646684650585,2020-07-16T14:30:59.000000Z,2020-07-16T14:30:59.000000Z
391,833788770520302,1321118518935089,2020-07-16T14:30:59.000000Z,2020-07-16T14:30:59.000000Z
392,833155783547619,933134498085222,2020-07-16T14:31:00.000000Z,2020-07-16T14:31:00.000000Z
393,833155783547619,1232398464032126,2020-07-16T14:31:00.000000Z,2020-07-16T14:31:00.000000Z
394,833155783547619,806168781795597,2020-07-16T14:31:00.000000Z,2020-07-16T14:31:00.000000Z
395,834471316045858,924628911683577,2020-07-16T14:31:00.000000Z,2020-07-16T14:31:00.000000Z
396,839260018674017,585101162574385,2020-07-16T14:31:00.000000Z,2020-07-16T14:31:00.000000Z
397,853798812414411,778459456343468,2020-07-16T14:31:01.000000Z,2020-07-16T14:31:01.000000Z
398,854338133373761,756139435965093,2020-07-16T14:31:01.000000Z,2020-07-16T14:31:01.000000Z
399,852882436125716,671468679071199,2020-07-16T14:31:01.000000Z,2020-07-16T14:31:01.000000Z
400,856596013009881,1264011549910449,2020-07-16T14:31:02.000000Z,2020-07-16T14:31:02.000000Z
401,854051618591377,828792720206018,2020-07-16T14:31:02.000000Z,2020-07-16T14:31:02.000000Z
402,855252238426842,763729877559385,2020-07-16T14:31:03.000000Z,2020-07-16T14:31:03.000000Z
403,855252238426842,641740493818315,2020-07-16T14:31:03.000000Z,2020-07-16T14:31:03.000000Z
404,862423770633741,1315826372203677,2020-07-16T14:31:03.000000Z,2020-07-16T14:31:03.000000Z
405,870219187741961,1282604214927911,2020-07-16T14:31:04.000000Z,2020-07-16T14:31:04.000000Z
406,872625169605396,1185969381076176,2020-07-16T14:31:04.000000Z,2020-07-16T14:31:04.000000Z
407,872556751746749,585101162574385,2020-07-16T14:31:05.000000Z,2020-07-16T14:31:05.000000Z
408,873979070344056,1108850981657232,2020-07-16T14:31:06.000000Z,2020-07-16T14:31:06.000000Z
409,873979070344056,1166799153375505,2020-07-16T14:31:06.000000Z,2020-07-16T14:31:06.000000Z
410,810358604812792,646558365152210,2020-07-16T14:31:06.000000Z,2020-07-16T14:31:06.000000Z
411,810358604812792,632725434790464,2020-07-16T14:31:06.000000Z,2020-07-16T14:31:06.000000Z
412,811998666629450,1092213609334000,2020-07-16T14:31:07.000000Z,2020-07-16T14:31:07.000000Z
413,819327215791900,1287901333269561,2020-07-16T14:31:07.000000Z,2020-07-16T14:31:07.000000Z
414,813064675400914,1286648129611472,2020-07-16T14:31:08.000000Z,2020-07-16T14:31:08.000000Z
415,827029786281023,1108850981657232,2020-07-16T14:31:09.000000Z,2020-07-16T14:31:09.000000Z
416,827029786281023,1166799153375505,2020-07-16T14:31:09.000000Z,2020-07-16T14:31:09.000000Z
417,831554257615200,848686188808388,2020-07-16T14:31:09.000000Z,2020-07-16T14:31:09.000000Z
418,845758882609427,1044869288351593,2020-07-16T14:31:10.000000Z,2020-07-16T14:31:10.000000Z
419,845999906983085,1287901333269561,2020-07-16T14:31:11.000000Z,2020-07-16T14:31:11.000000Z
420,850061472824026,585101162574385,2020-07-16T14:31:11.000000Z,2020-07-16T14:31:11.000000Z
421,862025517520940,876205598154141,2020-07-16T14:31:11.000000Z,2020-07-16T14:31:11.000000Z
422,862747362682708,932196643976542,2020-07-16T14:31:12.000000Z,2020-07-16T14:31:12.000000Z
423,873921955624383,873020349083887,2020-07-16T14:31:12.000000Z,2020-07-16T14:31:12.000000Z
424,873611419029370,1199654488652628,2020-07-16T14:31:12.000000Z,2020-07-16T14:31:12.000000Z
425,826245178186822,1287087731647843,2020-07-16T14:31:14.000000Z,2020-07-16T14:31:14.000000Z
426,834460550368169,858837023472383,2020-07-16T14:31:14.000000Z,2020-07-16T14:31:14.000000Z
427,834460550368169,1058560288612968,2020-07-16T14:31:14.000000Z,2020-07-16T14:31:14.000000Z
428,847425752356331,1220017101351760,2020-07-16T14:31:15.000000Z,2020-07-16T14:31:15.000000Z
429,847598884926148,1183011241112934,2020-07-16T14:31:16.000000Z,2020-07-16T14:31:16.000000Z
430,852851666991889,640375823525191,2020-07-16T14:31:16.000000Z,2020-07-16T14:31:16.000000Z
431,862476176486863,1314518681278904,2020-07-16T14:31:17.000000Z,2020-07-16T14:31:17.000000Z
432,872823918122712,964869638930274,2020-07-16T14:31:17.000000Z,2020-07-16T14:31:17.000000Z
433,872823918122712,629348329513757,2020-07-16T14:31:17.000000Z,2020-07-16T14:31:17.000000Z
434,871635119190314,1159564548417950,2020-07-16T14:31:18.000000Z,2020-07-16T14:31:18.000000Z
435,882877789489952,547920365968268,2020-07-16T14:31:18.000000Z,2020-07-16T14:31:18.000000Z
436,881475888864647,1091435530922324,2020-07-16T14:31:19.000000Z,2020-07-16T14:31:19.000000Z
437,885835927138322,1106602330344467,2020-07-16T14:31:19.000000Z,2020-07-16T14:31:19.000000Z
438,831904738773639,756139435965093,2020-07-16T14:31:20.000000Z,2020-07-16T14:31:20.000000Z
439,858697878378487,884179044911706,2020-07-16T14:31:20.000000Z,2020-07-16T14:31:20.000000Z
440,865253695035282,1185969381076176,2020-07-16T14:31:21.000000Z,2020-07-16T14:31:21.000000Z
441,877620900930693,884179044911706,2020-07-16T14:31:22.000000Z,2020-07-16T14:31:22.000000Z
442,887937499803617,935220481179962,2020-07-16T14:31:23.000000Z,2020-07-16T14:31:23.000000Z
443,895703387545823,688746232722666,2020-07-16T14:31:23.000000Z,2020-07-16T14:31:23.000000Z
444,841132371028942,947853021041099,2020-07-16T14:31:24.000000Z,2020-07-16T14:31:24.000000Z
445,843621219939860,1182935368999640,2020-07-16T14:31:24.000000Z,2020-07-16T14:31:24.000000Z
446,838774263465115,931886810745529,2020-07-16T14:31:24.000000Z,2020-07-16T14:31:24.000000Z
447,842684188416003,620132940242525,2020-07-16T14:31:25.000000Z,2020-07-16T14:31:25.000000Z
448,860988302609734,1175342324463616,2020-07-16T14:31:25.000000Z,2020-07-16T14:31:25.000000Z
449,867793861079810,1175342324463616,2020-07-16T14:31:26.000000Z,2020-07-16T14:31:26.000000Z
450,874569788026655,848140138973075,2020-07-16T14:31:26.000000Z,2020-07-16T14:31:26.000000Z
451,902951823980164,1154195373907801,2020-07-16T14:31:27.000000Z,2020-07-16T14:31:27.000000Z
452,900680386991276,547920365968268,2020-07-16T14:31:27.000000Z,2020-07-16T14:31:27.000000Z
453,903471867323822,1289140698414142,2020-07-16T14:31:27.000000Z,2020-07-16T14:31:27.000000Z
454,910692115764601,868710877316469,2020-07-16T14:31:28.000000Z,2020-07-16T14:31:28.000000Z
455,908536708739321,1218813676681454,2020-07-16T14:31:29.000000Z,2020-07-16T14:31:29.000000Z
456,846445553337660,920364967013405,2020-07-16T14:31:29.000000Z,2020-07-16T14:31:29.000000Z
457,846445553337660,1054369210651155,2020-07-16T14:31:29.000000Z,2020-07-16T14:31:29.000000Z
458,849003153117298,952434908769061,2020-07-16T14:31:30.000000Z,2020-07-16T14:31:30.000000Z
459,855116520932040,1183011241112934,2020-07-16T14:31:30.000000Z,2020-07-16T14:31:30.000000Z
460,869725690004657,977589590864235,2020-07-16T14:31:31.000000Z,2020-07-16T14:31:31.000000Z
461,869725690004657,946508354826345,2020-07-16T14:31:31.000000Z,2020-07-16T14:31:31.000000Z
462,869725690004657,1321118518935089,2020-07-16T14:31:31.000000Z,2020-07-16T14:31:31.000000Z
463,871817666202986,1220017101351760,2020-07-16T14:31:31.000000Z,2020-07-16T14:31:31.000000Z
464,880988285788628,861096970014349,2020-07-16T14:31:31.000000Z,2020-07-16T14:31:31.000000Z
465,881381167741606,947434898715713,2020-07-16T14:31:32.000000Z,2020-07-16T14:31:32.000000Z
466,881381167741606,1262159504249540,2020-07-16T14:31:32.000000Z,2020-07-16T14:31:32.000000Z
467,881403344964972,1150129069386124,2020-07-16T14:31:32.000000Z,2020-07-16T14:31:32.000000Z
468,881403344964972,1286395778585315,2020-07-16T14:31:33.000000Z,2020-07-16T14:31:33.000000Z
469,906107564923489,1295311939008541,2020-07-16T14:31:33.000000Z,2020-07-16T14:31:33.000000Z
470,920302771339848,834887345290440,2020-07-16T14:31:33.000000Z,2020-07-16T14:31:33.000000Z
471,860779231100127,1323076878369772,2020-07-16T14:31:34.000000Z,2020-07-16T14:31:34.000000Z
472,859629175967195,1313701156750318,2020-07-16T14:31:35.000000Z,2020-07-16T14:31:35.000000Z
473,859629175967195,939076222269480,2020-07-16T14:31:35.000000Z,2020-07-16T14:31:35.000000Z
474,859629175967195,1218278923208260,2020-07-16T14:31:35.000000Z,2020-07-16T14:31:35.000000Z
475,865371846794230,1083708956779513,2020-07-16T14:31:35.000000Z,2020-07-16T14:31:35.000000Z
476,874272763703793,920364967013405,2020-07-16T14:31:36.000000Z,2020-07-16T14:31:36.000000Z
477,874272763703793,1054369210651155,2020-07-16T14:31:36.000000Z,2020-07-16T14:31:36.000000Z
478,875542904723327,1106602330344467,2020-07-16T14:31:37.000000Z,2020-07-16T14:31:37.000000Z
479,881012847859169,743353111808252,2020-07-16T14:31:38.000000Z,2020-07-16T14:31:38.000000Z
480,893345439899253,916613468118556,2020-07-16T14:31:38.000000Z,2020-07-16T14:31:38.000000Z
481,899838401230788,1274640117388299,2020-07-16T14:31:39.000000Z,2020-07-16T14:31:39.000000Z
482,899139018547334,1104646684650585,2020-07-16T14:31:39.000000Z,2020-07-16T14:31:39.000000Z
483,902085800158226,616405328742379,2020-07-16T14:31:40.000000Z,2020-07-16T14:31:40.000000Z
484,895973468150097,843095304494507,2020-07-16T14:31:40.000000Z,2020-07-16T14:31:40.000000Z
485,910059099567277,1286648129611472,2020-07-16T14:31:41.000000Z,2020-07-16T14:31:41.000000Z
486,914835976451142,946396771118356,2020-07-16T14:31:45.000000Z,2020-07-16T14:31:45.000000Z
487,915917142791989,1027459128839995,2020-07-16T14:31:46.000000Z,2020-07-16T14:31:46.000000Z
488,916268094765428,1220597047470925,2020-07-16T14:31:46.000000Z,2020-07-16T14:31:46.000000Z
489,918238055415108,1282458965799792,2020-07-16T14:31:46.000000Z,2020-07-16T14:31:46.000000Z
490,918238055415108,964869638930274,2020-07-16T14:31:46.000000Z,2020-07-16T14:31:46.000000Z
491,918238055415108,629348329513757,2020-07-16T14:31:46.000000Z,2020-07-16T14:31:46.000000Z
492,921815945825806,1170113060894673,2020-07-16T14:31:47.000000Z,2020-07-16T14:31:47.000000Z
493,928788698938707,897673459565497,2020-07-16T14:31:48.000000Z,2020-07-16T14:31:48.000000Z
494,871063337645437,768639914164498,2020-07-16T14:31:48.000000Z,2020-07-16T14:31:48.000000Z
495,871063337645437,1052799655566995,2020-07-16T14:31:48.000000Z,2020-07-16T14:31:48.000000Z
496,883344454564664,931886810745529,2020-07-16T14:31:49.000000Z,2020-07-16T14:31:49.000000Z
497,886788508609002,1091435530922324,2020-07-16T14:31:50.000000Z,2020-07-16T14:31:50.000000Z
498,890398981649041,1170113060894673,2020-07-16T14:31:50.000000Z,2020-07-16T14:31:50.000000Z
499,895095793944105,861096970014349,2020-07-16T14:31:50.000000Z,2020-07-16T14:31:50.000000Z
500,895467915545937,680609348421278,2020-07-16T14:31:51.000000Z,2020-07-16T14:31:51.000000Z
501,894009414185445,602791638266539,2020-07-16T14:31:51.000000Z,2020-07-16T14:31:51.000000Z
502,902098981922569,1101386810121427,2020-07-16T14:31:52.000000Z,2020-07-16T14:31:52.000000Z
503,925880419304547,816964939097565,2020-07-16T14:31:53.000000Z,2020-07-16T14:31:53.000000Z
504,923438177610839,947434898715713,2020-07-16T14:31:53.000000Z,2020-07-16T14:31:53.000000Z
505,923438177610839,1262159504249540,2020-07-16T14:31:53.000000Z,2020-07-16T14:31:53.000000Z
506,927643315007217,1101386810121427,2020-07-16T14:31:53.000000Z,2020-07-16T14:31:53.000000Z
507,929396265497963,1287901333269561,2020-07-16T14:31:54.000000Z,2020-07-16T14:31:54.000000Z
508,934420315468432,1232398464032126,2020-07-16T14:31:55.000000Z,2020-07-16T14:31:55.000000Z
509,937486843530248,994012462825446,2020-07-16T14:31:55.000000Z,2020-07-16T14:31:55.000000Z
510,940105141272489,817854864378068,2020-07-16T14:31:55.000000Z,2020-07-16T14:31:55.000000Z
511,940105141272489,1161498401444320,2020-07-16T14:31:55.000000Z,2020-07-16T14:31:55.000000Z
512,940105141272489,833655491101686,2020-07-16T14:31:55.000000Z,2020-07-16T14:31:55.000000Z
513,940105141272489,1183432963433388,2020-07-16T14:31:55.000000Z,2020-07-16T14:31:55.000000Z
514,940202748401268,931728525653879,2020-07-16T14:31:56.000000Z,2020-07-16T14:31:56.000000Z
515,940202748401268,1053529725692782,2020-07-16T14:31:56.000000Z,2020-07-16T14:31:56.000000Z
516,940202748401268,647497712481280,2020-07-16T14:31:56.000000Z,2020-07-16T14:31:56.000000Z
517,943922015489393,884179044911706,2020-07-16T14:31:57.000000Z,2020-07-16T14:31:57.000000Z
518,874199505765345,594960886051316,2020-07-16T14:31:58.000000Z,2020-07-16T14:31:58.000000Z
519,874199505765345,999755198000719,2020-07-16T14:31:58.000000Z,2020-07-16T14:31:58.000000Z
520,884244585280076,977589590864235,2020-07-16T14:31:58.000000Z,2020-07-16T14:31:58.000000Z
521,884244585280076,1321118518935089,2020-07-16T14:31:58.000000Z,2020-07-16T14:31:58.000000Z
522,886267440482873,1154195373907801,2020-07-16T14:31:59.000000Z,2020-07-16T14:31:59.000000Z
523,893656046937448,1338999388183746,2020-07-16T14:32:00.000000Z,2020-07-16T14:32:00.000000Z
524,896288673327409,1045140628063947,2020-07-16T14:32:01.000000Z,2020-07-16T14:32:01.000000Z
525,903665589155441,828792720206018,2020-07-16T14:32:01.000000Z,2020-07-16T14:32:01.000000Z
526,911181735974447,994012462825446,2020-07-16T14:32:01.000000Z,2020-07-16T14:32:01.000000Z
527,910741093310618,1108850981657232,2020-07-16T14:32:02.000000Z,2020-07-16T14:32:02.000000Z
528,910741093310618,1166799153375505,2020-07-16T14:32:02.000000Z,2020-07-16T14:32:02.000000Z
529,914537946909052,1091435530922324,2020-07-16T14:32:03.000000Z,2020-07-16T14:32:03.000000Z
530,916436632015801,594960886051316,2020-07-16T14:32:03.000000Z,2020-07-16T14:32:03.000000Z
531,916436632015801,999755198000719,2020-07-16T14:32:03.000000Z,2020-07-16T14:32:03.000000Z
532,940345726334678,957585009039168,2020-07-16T14:32:04.000000Z,2020-07-16T14:32:04.000000Z
533,940345726334678,1204175927893390,2020-07-16T14:32:04.000000Z,2020-07-16T14:32:04.000000Z
534,937354212048327,861096970014349,2020-07-16T14:32:05.000000Z,2020-07-16T14:32:05.000000Z
535,942312969809968,1170113060894673,2020-07-16T14:32:05.000000Z,2020-07-16T14:32:05.000000Z
536,943779508068444,594960886051316,2020-07-16T14:32:06.000000Z,2020-07-16T14:32:06.000000Z
537,943779508068444,999755198000719,2020-07-16T14:32:06.000000Z,2020-07-16T14:32:06.000000Z
538,942923225062781,1175342324463616,2020-07-16T14:32:07.000000Z,2020-07-16T14:32:07.000000Z
539,943480498983752,1206937936321537,2020-07-16T14:32:07.000000Z,2020-07-16T14:32:07.000000Z
540,946272738558477,1228487137683267,2020-07-16T14:32:07.000000Z,2020-07-16T14:32:07.000000Z
541,888015364104840,1297547838260579,2020-07-16T14:32:08.000000Z,2020-07-16T14:32:08.000000Z
542,907595418658961,1044869288351593,2020-07-16T14:32:08.000000Z,2020-07-16T14:32:08.000000Z
543,908926837435227,1154195373907801,2020-07-16T14:32:10.000000Z,2020-07-16T14:32:10.000000Z
544,911320628244521,1175342324463616,2020-07-16T14:32:10.000000Z,2020-07-16T14:32:10.000000Z
545,915711679952561,1044869288351593,2020-07-16T14:32:11.000000Z,2020-07-16T14:32:11.000000Z
546,920928473432747,790873813272838,2020-07-16T14:32:12.000000Z,2020-07-16T14:32:12.000000Z
547,924435449967844,964869638930274,2020-07-16T14:32:12.000000Z,2020-07-16T14:32:12.000000Z
548,924435449967844,629348329513757,2020-07-16T14:32:12.000000Z,2020-07-16T14:32:12.000000Z
549,921414115906478,901614727736762,2020-07-16T14:32:13.000000Z,2020-07-16T14:32:13.000000Z
550,924655410570415,594960886051316,2020-07-16T14:32:13.000000Z,2020-07-16T14:32:13.000000Z
551,924655410570415,999755198000719,2020-07-16T14:32:13.000000Z,2020-07-16T14:32:13.000000Z
552,933469008966389,1289140698414142,2020-07-16T14:32:14.000000Z,2020-07-16T14:32:14.000000Z
553,939026297030865,1128869310018968,2020-07-16T14:32:15.000000Z,2020-07-16T14:32:15.000000Z
554,945841786673442,1154195373907801,2020-07-16T14:32:15.000000Z,2020-07-16T14:32:15.000000Z
555,953668428109766,1106602330344467,2020-07-16T14:32:16.000000Z,2020-07-16T14:32:16.000000Z
556,958643940332296,773029335736391,2020-07-16T14:32:16.000000Z,2020-07-16T14:32:16.000000Z
557,964012421803449,1104646684650585,2020-07-16T14:32:16.000000Z,2020-07-16T14:32:16.000000Z
558,964012421803449,1321118518935089,2020-07-16T14:32:16.000000Z,2020-07-16T14:32:16.000000Z
559,893746684671899,924628911683577,2020-07-16T14:32:17.000000Z,2020-07-16T14:32:17.000000Z
560,899463533628469,920364967013405,2020-07-16T14:32:18.000000Z,2020-07-16T14:32:18.000000Z
561,899463533628469,1054369210651155,2020-07-16T14:32:18.000000Z,2020-07-16T14:32:18.000000Z
562,917742641898170,901362892558172,2020-07-16T14:32:20.000000Z,2020-07-16T14:32:20.000000Z
563,920973469831730,1133664511724903,2020-07-16T14:32:21.000000Z,2020-07-16T14:32:21.000000Z
564,935467815186616,1295311939008541,2020-07-16T14:32:21.000000Z,2020-07-16T14:32:21.000000Z
565,948442047347066,1297547838260579,2020-07-16T14:32:22.000000Z,2020-07-16T14:32:22.000000Z
566,947357493854904,977589590864235,2020-07-16T14:32:22.000000Z,2020-07-16T14:32:22.000000Z
567,947357493854904,1321118518935089,2020-07-16T14:32:22.000000Z,2020-07-16T14:32:22.000000Z
568,950151604773646,956369396938800,2020-07-16T14:32:23.000000Z,2020-07-16T14:32:23.000000Z
569,950151604773646,956135951962872,2020-07-16T14:32:23.000000Z,2020-07-16T14:32:23.000000Z
570,951270390830894,848686188808388,2020-07-16T14:32:24.000000Z,2020-07-16T14:32:24.000000Z
571,955710918748274,694216969315685,2020-07-16T14:32:24.000000Z,2020-07-16T14:32:24.000000Z
572,950454120432775,987030255962297,2020-07-16T14:32:25.000000Z,2020-07-16T14:32:25.000000Z
573,958476585509237,890450452640466,2020-07-16T14:32:26.000000Z,2020-07-16T14:32:26.000000Z
574,963890389048330,1220597047470925,2020-07-16T14:32:26.000000Z,2020-07-16T14:32:26.000000Z
575,961034015650386,1109469871110801,2020-07-16T14:32:27.000000Z,2020-07-16T14:32:27.000000Z
576,963237379779513,828471643877342,2020-07-16T14:32:27.000000Z,2020-07-16T14:32:27.000000Z
577,963779263900815,1106602330344467,2020-07-16T14:32:27.000000Z,2020-07-16T14:32:27.000000Z
578,912991415461624,802183159679728,2020-07-16T14:32:28.000000Z,2020-07-16T14:32:28.000000Z
579,931637209705712,1175342324463616,2020-07-16T14:32:28.000000Z,2020-07-16T14:32:28.000000Z
580,931334254553785,1112049443949860,2020-07-16T14:32:28.000000Z,2020-07-16T14:32:28.000000Z
581,928612911758060,1287901333269561,2020-07-16T14:32:29.000000Z,2020-07-16T14:32:29.000000Z
582,936863331676390,1147455525775238,2020-07-16T14:32:29.000000Z,2020-07-16T14:32:29.000000Z
583,942882797339036,638793416229400,2020-07-16T14:32:30.000000Z,2020-07-16T14:32:30.000000Z
584,942712017441428,1108850981657232,2020-07-16T14:32:30.000000Z,2020-07-16T14:32:30.000000Z
585,942712017441428,1166799153375505,2020-07-16T14:32:30.000000Z,2020-07-16T14:32:30.000000Z
586,943841633351922,947434898715713,2020-07-16T14:32:30.000000Z,2020-07-16T14:32:30.000000Z
587,943841633351922,1262159504249540,2020-07-16T14:32:30.000000Z,2020-07-16T14:32:30.000000Z
588,946643663102938,920364967013405,2020-07-16T14:32:31.000000Z,2020-07-16T14:32:31.000000Z
589,946643663102938,1054369210651155,2020-07-16T14:32:31.000000Z,2020-07-16T14:32:31.000000Z
590,944036937200998,1287901333269561,2020-07-16T14:32:32.000000Z,2020-07-16T14:32:32.000000Z
591,965489694318451,1220597047470925,2020-07-16T14:32:32.000000Z,2020-07-16T14:32:32.000000Z
592,974562561948426,628637355176202,2020-07-16T14:32:33.000000Z,2020-07-16T14:32:33.000000Z
593,977628518433061,1268338961312460,2020-07-16T14:32:33.000000Z,2020-07-16T14:32:33.000000Z
594,977586749835410,814793229124367,2020-07-16T14:32:34.000000Z,2020-07-16T14:32:34.000000Z
595,926396312659010,1295311939008541,2020-07-16T14:32:34.000000Z,2020-07-16T14:32:34.000000Z
596,936572307607654,826027653390612,2020-07-16T14:32:34.000000Z,2020-07-16T14:32:34.000000Z
597,937906584225930,1146981306227913,2020-07-16T14:32:35.000000Z,2020-07-16T14:32:35.000000Z
598,939239658768708,834887345290440,2020-07-16T14:32:36.000000Z,2020-07-16T14:32:36.000000Z
599,936510517377927,1282604214927911,2020-07-16T14:32:36.000000Z,2020-07-16T14:32:36.000000Z
600,936510517377927,856126341619748,2020-07-16T14:32:36.000000Z,2020-07-16T14:32:36.000000Z
601,936510517377927,979447652621070,2020-07-16T14:32:36.000000Z,2020-07-16T14:32:36.000000Z
602,943023691666873,865063089655254,2020-07-16T14:32:37.000000Z,2020-07-16T14:32:37.000000Z
603,936643241913847,1282604214927911,2020-07-16T14:32:38.000000Z,2020-07-16T14:32:38.000000Z
604,946406110593174,806538913069520,2020-07-16T14:32:39.000000Z,2020-07-16T14:32:39.000000Z
605,951768857764331,856126341619748,2020-07-16T14:32:40.000000Z,2020-07-16T14:32:40.000000Z
606,956342437760431,1130006642102532,2020-07-16T14:32:41.000000Z,2020-07-16T14:32:41.000000Z
607,967263158004203,756139435965093,2020-07-16T14:32:43.000000Z,2020-07-16T14:32:43.000000Z
608,970377297500925,1104646684650585,2020-07-16T14:32:44.000000Z,2020-07-16T14:32:44.000000Z
609,970377297500925,1321118518935089,2020-07-16T14:32:44.000000Z,2020-07-16T14:32:44.000000Z
610,970377297500925,977589590864235,2020-07-16T14:32:44.000000Z,2020-07-16T14:32:44.000000Z
611,972989260139901,1209121324412172,2020-07-16T14:32:45.000000Z,2020-07-16T14:32:45.000000Z
612,978590256683513,931886810745529,2020-07-16T14:32:45.000000Z,2020-07-16T14:32:45.000000Z
613,988930242117816,1220597047470925,2020-07-16T14:32:46.000000Z,2020-07-16T14:32:46.000000Z
614,986036993747047,692231605294536,2020-07-16T14:32:47.000000Z,2020-07-16T14:32:47.000000Z
615,990274038416855,975869217753458,2020-07-16T14:32:47.000000Z,2020-07-16T14:32:47.000000Z
616,932258895912915,867684167756788,2020-07-16T14:32:48.000000Z,2020-07-16T14:32:48.000000Z
617,948956237360164,964869638930274,2020-07-16T14:32:48.000000Z,2020-07-16T14:32:48.000000Z
618,948956237360164,629348329513757,2020-07-16T14:32:48.000000Z,2020-07-16T14:32:48.000000Z
619,953130575650955,803526594539754,2020-07-16T14:32:49.000000Z,2020-07-16T14:32:49.000000Z
620,955750891211425,1175342324463616,2020-07-16T14:32:50.000000Z,2020-07-16T14:32:50.000000Z
621,961164325265072,1146981306227913,2020-07-16T14:32:50.000000Z,2020-07-16T14:32:50.000000Z
622,983621321487069,1118428224846105,2020-07-16T14:32:51.000000Z,2020-07-16T14:32:51.000000Z
623,985012947614539,959978038980815,2020-07-16T14:32:51.000000Z,2020-07-16T14:32:51.000000Z
624,985593774651159,1191156779628062,2020-07-16T14:32:52.000000Z,2020-07-16T14:32:52.000000Z
625,985593774651159,871972134291589,2020-07-16T14:32:52.000000Z,2020-07-16T14:32:52.000000Z
626,985593774651159,968786376614445,2020-07-16T14:32:52.000000Z,2020-07-16T14:32:52.000000Z
627,989188268576682,1191156779628062,2020-07-16T14:32:53.000000Z,2020-07-16T14:32:53.000000Z
628,989188268576682,871972134291589,2020-07-16T14:32:53.000000Z,2020-07-16T14:32:53.000000Z
629,989188268576682,968786376614445,2020-07-16T14:32:53.000000Z,2020-07-16T14:32:53.000000Z
630,989188268576682,945061241324147,2020-07-16T14:32:53.000000Z,2020-07-16T14:32:53.000000Z
631,994497447759686,911858349594317,2020-07-16T14:32:54.000000Z,2020-07-16T14:32:54.000000Z
632,990367220887588,741750394643085,2020-07-16T14:32:54.000000Z,2020-07-16T14:32:54.000000Z
633,998823719958227,903707682119815,2020-07-16T14:32:55.000000Z,2020-07-16T14:32:55.000000Z
634,998912206496705,1185969381076176,2020-07-16T14:32:55.000000Z,2020-07-16T14:32:55.000000Z
635,956658240049666,1287901333269561,2020-07-16T14:32:56.000000Z,2020-07-16T14:32:56.000000Z
636,961738059568521,1109839475209474,2020-07-16T14:32:57.000000Z,2020-07-16T14:32:57.000000Z
637,960051770169079,579382634687033,2020-07-16T14:32:57.000000Z,2020-07-16T14:32:57.000000Z
638,968057316664450,1147455525775238,2020-07-16T14:32:58.000000Z,2020-07-16T14:32:58.000000Z
639,964209508718168,1045140628063947,2020-07-16T14:32:58.000000Z,2020-07-16T14:32:58.000000Z
640,971066029264975,904892331647550,2020-07-16T14:32:58.000000Z,2020-07-16T14:32:58.000000Z
641,968013894798831,920364967013405,2020-07-16T14:32:59.000000Z,2020-07-16T14:32:59.000000Z
642,968013894798831,1054369210651155,2020-07-16T14:32:59.000000Z,2020-07-16T14:32:59.000000Z
643,969095511875672,1282458965799792,2020-07-16T14:33:00.000000Z,2020-07-16T14:33:00.000000Z
644,969095511875672,964869638930274,2020-07-16T14:33:00.000000Z,2020-07-16T14:33:00.000000Z
645,969095511875672,629348329513757,2020-07-16T14:33:00.000000Z,2020-07-16T14:33:00.000000Z
646,978169761735866,1106602330344467,2020-07-16T14:33:01.000000Z,2020-07-16T14:33:01.000000Z
647,984528775573917,1044869288351593,2020-07-16T14:33:01.000000Z,2020-07-16T14:33:01.000000Z
648,995363917586083,770635363010046,2020-07-16T14:33:02.000000Z,2020-07-16T14:33:02.000000Z
649,995363917586083,1002753920993717,2020-07-16T14:33:02.000000Z,2020-07-16T14:33:02.000000Z
650,1007199538654431,1052806219928789,2020-07-16T14:33:03.000000Z,2020-07-16T14:33:03.000000Z
651,1007199538654431,1133664511724903,2020-07-16T14:33:03.000000Z,2020-07-16T14:33:03.000000Z
652,948283799474714,931886810745529,2020-07-16T14:33:03.000000Z,2020-07-16T14:33:03.000000Z
653,956817646477291,770635363010046,2020-07-16T14:33:04.000000Z,2020-07-16T14:33:04.000000Z
654,956817646477291,1002753920993717,2020-07-16T14:33:05.000000Z,2020-07-16T14:33:05.000000Z
655,953777853543160,920364967013405,2020-07-16T14:33:06.000000Z,2020-07-16T14:33:06.000000Z
656,953777853543160,1054369210651155,2020-07-16T14:33:06.000000Z,2020-07-16T14:33:06.000000Z
657,954908524616299,841307455613093,2020-07-16T14:33:06.000000Z,2020-07-16T14:33:06.000000Z
658,957022682260174,1179332074138565,2020-07-16T14:33:07.000000Z,2020-07-16T14:33:07.000000Z
659,960651180984847,620132940242525,2020-07-16T14:33:07.000000Z,2020-07-16T14:33:07.000000Z
660,966657126572943,964869638930274,2020-07-16T14:33:07.000000Z,2020-07-16T14:33:07.000000Z
661,966657126572943,629348329513757,2020-07-16T14:33:07.000000Z,2020-07-16T14:33:07.000000Z
662,978182683421582,1154195373907801,2020-07-16T14:33:08.000000Z,2020-07-16T14:33:08.000000Z
663,987007032021851,848686188808388,2020-07-16T14:33:09.000000Z,2020-07-16T14:33:09.000000Z
664,988942778535389,732860283051181,2020-07-16T14:33:09.000000Z,2020-07-16T14:33:09.000000Z
665,993984406526461,906651913636867,2020-07-16T14:33:10.000000Z,2020-07-16T14:33:10.000000Z
666,999007044535768,1220839720071176,2020-07-16T14:33:10.000000Z,2020-07-16T14:33:10.000000Z
667,1013626780767014,1108850981657232,2020-07-16T14:33:10.000000Z,2020-07-16T14:33:10.000000Z
668,1013626780767014,1166799153375505,2020-07-16T14:33:11.000000Z,2020-07-16T14:33:11.000000Z
669,1012930231616826,1220017101351760,2020-07-16T14:33:11.000000Z,2020-07-16T14:33:11.000000Z
670,1020841973640307,1005730911773458,2020-07-16T14:33:12.000000Z,2020-07-16T14:33:12.000000Z
671,958581554726772,691606849422707,2020-07-16T14:33:12.000000Z,2020-07-16T14:33:12.000000Z
672,961458582690801,838780960881380,2020-07-16T14:33:13.000000Z,2020-07-16T14:33:13.000000Z
673,957722583611343,959373006921454,2020-07-16T14:33:14.000000Z,2020-07-16T14:33:14.000000Z
674,977300457256642,1166838878012103,2020-07-16T14:33:15.000000Z,2020-07-16T14:33:15.000000Z
