id,location_id,service_id,organization_id,contact_id,service_at_location_id,number,extension,type,language,description,department
1,1.18597E+15,1.1947E+15,7.44813E+14,,,(202) 448-1450,,,,,
2,1.29755E+15,9.48442E+14,,,,(202) 483-8916,,,,,
3,1.13512E+15,5.8072E+14,7.26173E+14,,,202-437-5643,,voice,,,
4,8.9045E+14,9.58477E+14,1.25782E+15,,,(202) 723-5377,,voice,,,
5,8.58837E+14,"834,460,550,368,169,000,000,000,000,000",6.18998E+14,,,(202) 265-2400,,,,,
6,9.79564E+14,,1.141E+15,,,240.491.5753,,voice,,Employment,
7,7.76794E+14,,1.20564E+15,,,202-347-0511,,,,,
8,1.27791E+15,8.59897E+14,6.09227E+14,,,(202) 393-1909,,,,,
9,,1.21942E+15,,,,(202) 797-4454,,,,,
10,8.4814E+14,,1.03482E+15,,,(202) 462-4330,,,,,
11,,1.25279E+15,,,,(202) 797-8806,,,,,
13,8.16302E+14,"1,182,157,958,552,300,000,000,000,000,000,000,000,000,000,000,000,000,000,000,000",5.80772E+14,,,202-518-0466,,voice,,,
14,,8.72824E+14,,,,(202) 420-7028,,,,,
15,9.03037E+14,1.22983E+15,5.97291E+14,,,(202) 487-8698,,voice,,We Are Family DC,
16,1.18343E+15,1.099E+15,7.95756E+14,,,(240) 594-0600,,voice,,Ayuda MD office,
17,9.59373E+14,,,,,(202) 347-0130,,fax,,,
18,1.16164E+15,,1.32616E+15,,,202-581-0490,,voice,,,
19,,9.63237E+14,1.14622E+15,recwENKzSRp0lPRjp,,(202) 540-1056,,voice,,,
20,9.11858E+14,"1,210,007,334,289,330,000,000,000,000,000,000,000,000,000,000,000,000,000,000,000,000,000,000,000,000,000,000,000,000,000,000,000,000,000,000,000,000,000,000,000,000,000,000,000,000,000,000,000,000,000,000,000,000,000,000,000,000",9.48114E+14,,,(202) 518-6737,,voice,,,
21,6.08498E+14,"11,727,935,800,600,200,000,000,000,000,000,000,000,000,000,000,000,000,000,000,000,000,000,000,000,000,000,000,000,000,000,000,000,000,000,000,000",9.64889E+14,,,202-388-0033,,voice,,,
22,9.94309E+14,"1,174,068,491,618,790,000,000,000,000,000",1.1507E+15,,,(202) 561-5941,,voice,,Outreach Center,
23,,9.3442E+14,,,,(202) 469-4699,,,,,
24,1.22002E+15,"11,901,834,382,770,700,000,000,000,000,000,000,000,000,000,000,000,000,000,000,000,000,000,000,000,000",1.04325E+15,,,(202) 452-8926,,voice,,,
25,9.04892E+14,"11,228,976,717,159,600,000,000,000,000,000,000,000,000,000,000",,,,301.333.0500,,voice,,,
26,,5.74662E+14,,,,(202) 830-3517,,,,,
27,9.45082E+14,1.0776E+15,8.07868E+14,,,(202) 296-4455,,,,,
28,1.1066E+15,"953,668,428,109,766,000,000,000,000,000,000,000,000,000,000,000,000,000,000,000,000,000,000,000,000,000,000,000,000,000,000,000,000,000,000,000,000,000,000,000,000,000,000,000,000,000",1.32366E+15,,,(202) 610-9600,,voice,,,
29,9.65471E+14,,1.1806E+15,,,(301) 588-1126,,fax,,,
30,,8.21678E+14,,,,(202) 508-0500,,,,,
31,,8.87937E+14,1.15457E+15,,,(202) 727-1616,,voice,,Phone line for DC Public Library Adult Literacy Resource Center,
32,6.20133E+14,1.14569E+15,,,,202-574-6055,,voice,,United Medical Center PCC Office,
33,,8.33156E+14,,,,(202) 469-4699,,,,,
34,"8,033,433,218,422,640,000,000,000,000,000",8.93656E+14,,,,(202) 635-1041,,voice,,,
35,8.43095E+14,"8,959,734,681,500,970,000,000,000,000,000",1.24524E+15,,,(202) 544-3150,,voice,,Everyone Home DC Shirley's Place Day Center,
36,8.65063E+14,"943,023,691,666,873,000,000,000,000,000",6.05622E+14,,,(866) 942-0143,,voice,,,
37,,9.24655E+14,7.61154E+14,recLiWMA0NE98vTRX,,202-238-4691,,voice,,,
38,"923,653,351,035,648,000,000,000,000,000",,"908,756,987,447,173,000,000,000,000,000",,,(202) 797-8806,,,,,
39,8.67684E+14,,8.06677E+14,,,(202) 223-9550,,,,,
40,1.27013E+15,,9.1969E+14,,,5712497069,,voice,,,
41,,5.66502E+14,1.1806E+15,,,202-364-0020,,voice,,,
42,,1.18505E+15,8.72299E+14,reccBrXxhqdk7Ksvx,,(202) 670-9644,,voice,,,
43,6.4174E+14,"71,304,609,533,147,300,000,000,000,000,000,000,000,000,000,000,000,000,000,000,000",1.16935E+15,,,(202) 876-5690,,voice,,,
44,,"11,474,079,829,120,500,000,000,000,000,000,000,000,000,000,000",8.40733E+14,,,(202) 851-3971,,voice,,Sexual health hotline,
45,1.1542E+15,,8.88574E+14,,,(703) 696-3510,,,,,
46,1.28332E+15,,,,,301-765-5694,,fax,,,
47,7.767E+14,,1.27923E+15,,,(202) 328-6609,,,,,
48,1.2864E+15,"8,814,033,449,649,720,000,000,000,000,000",9.083E+14,,,(202) 758-3710,,voice,,,
49,,"1,210,697,117,152,570,000,000,000,000,000",,recubrK50dihcWVJK,,202-448-1442,,,,,
50,,"12,593,496,652,376,500,000,000,000,000,000,000,000,000,000,000,000,000,000,000,000,000,000,000,000,000,000,000,000,000,000",8.40733E+14,,,202) 487-9074,,voice,,After hours line,
51,1.26192E+15,,1.31905E+15,,,(202) 292-4440,,,,,
52,6.88457E+14,"573,528,188,325,499,000,000,000,000,000,000,000,000,000,000,000,000,000,000,000,000,000,000,000,000,000,000,000,000,000,000",1.28641E+15,,,202.546.0017,,voice,,,
53,,9.36643E+14,,,,202-476-2118,,voice,,,
54,,"12,132,305,855,419,200,000,000,000,000,000",7.61154E+14,recuHMlu3ZWg36a5I,,(202) 238-4733,,voice,,,
55,1.21804E+15,1.27728E+15,,,,(202) 726-3623,,fax,,,
56,,,,recuwK2JAoavnUij1,,202-459-4004,,,,,
57,9.46397E+14,"1,124,462,892,366,910,000,000,000,000,000",9.2536E+14,,,(202) 483-7003,,voice,,,
58,,1.23859E+15,,,,(202) 675-8371,,,,,
59,8.65999E+14,"130,501,706,956,667,000,000,000,000,000,000,000,000,000,000,000,000,000,000,000,000",7.83236E+14,,,(202) 338-8301,,,,,
60,1.17011E+15,"942,312,969,809,968,000,000,000,000,000,000,000,000,000,000,000,000,000,000,000,000,000,000,000,000,000,000,000,000,000,000,000,000,000,000,000,000,000,000,000,000,000,000,000,000,000,000,000,000,000,000,000,000,000,000,000,000,000,000,000,000,000",8.87352E+14,,,(202) 462-4788,,voice,,,
61,6.25765E+14,1.19151E+15,,,,(202) 588-0059,,fax,,,
62,6.66148E+14,,8.80881E+14,,,(202) 895-0238,,,,,
63,1.24057E+15,,1.141E+15,,,301.445.3139,,voice,,Front Desk,
64,,5.86063E+14,8.40733E+14,,,(202) 545-2061,,voice,,Maternal Mental Health Program Manager,
65,,"6,858,219,629,802,380,000,000,000,000,000,000,000,000,000,000",1.3232E+15,recyoASYSGGZwmQSx,,(202) 319-2229,,voice,,,
66,,9.51769E+14,,,,301-838-8770,,,,,
67,8.35678E+14,,,,,240-764-7431,,fax,,,
68,1.05856E+15,"83,446,055,036,816,900,000,000,000,000,000,000,000,000,000,000,000,000,000,000,000",6.18998E+14,,,(202) 561-8587,,voice,,Bread for the City Southeast Center,
69,,1.21669E+15,1.141E+15,recFWm2RwJXoKTzTN,,240.491.5775,,voice,,,
70,9.59373E+14,"957,722,583,611,343,000,000,000,000,000",6.36427E+14,,,(202) 733-3643,,voice,,Services line,
71,,9.18238E+14,8.40733E+14,,,(202) 389-2486,,,,Health Home director,
72,1.19189E+15,"1,220,271,139,140,870,000,000,000,000,000,000,000,000,000,000,000,000,000,000,000,000",1.08859E+15,,,(202) 248-3434,,voice,,Main line for Mamatoto Village,
73,1.14663E+15,"8,598,971,615,570,470,000,000,000,000,000,000,000,000,000,000,000,000,000,000,000,000,000,000,000,000",1.19587E+15,,,(202) 213- 1622,,,,,
74,,8.04986E+14,,,,(202) 469-4699,,,,,
75,1.18939E+15,,5.74965E+14,,,(202) 667-7339,,voice,,Housing counseling services hotline,
76,1.1668E+15,,7.69894E+14,,, 202.610.0669,,fax,,,
77,,9.8893E+14,8.0111E+14,recZXbXsByCgAVdJG,,(202) 503-1531,,voice,,,
78,1.32308E+15,,1.19587E+15,,,202.563.1060,,,,,
79,9.92745E+14,,8.40733E+14,,,(202) 727-0338,,,,,
80,,7.77479E+14,,,,(202) 350-4305,,voice,,Legal services at Catholic Charities,
81,6.08498E+14,,,,,(202) 398-3018,,fax,,,
82,9.01363E+14,"9,177,426,418,981,700,000,000,000,000,000,000,000,000,000,000",6.6258E+14,,,(202) 396-2809,,voice,,,
83,,,,recraKkaTXXYn0ZqF,,202-293-9580,,voice,,,
84,1.05353E+15,,,,,(202) 399-1349,,fax,,,
85,1.24614E+15,"1,273,613,208,251,490,000,000,000,000,000",9.1969E+14,,,703.619.2964,,voice,,,
86,8.7302E+14,8.73922E+14,,,,202-675-9375,,,,,
87,,,,,,202-408-1080,,,,,
88,"1,191,156,779,628,060,000,000,000,000,000,000,000,000,000,000","989,188,268,576,682,000,000,000,000,000",1.26223E+15,,,(202) 735-0761,,,,,
89,1.16171E+15,6.05774E+14,7.43526E+14,,,(202) 727-5931,,fax,,,
90,5.46085E+14,,6.6373E+14,,,(202) 772-4300,,,,,
91,8.75108E+14,,6.49102E+14,,,(202) 265-8200,,,,,
92,9.7759E+14,,9.7056E+14,,,(301) 838-4200,,voice,,,
93,,,7.61154E+14,rectINrEjw6jTx5nn,,202-610-5826,,voice,,,
94,"640,375,823,525,191,000,000,000,000,000","852,851,666,991,889,000,000,000,000,000",8.66238E+14,,,(202) 889-7296,,voice,,Allen Chapel AME,
95,1.12099E+15,,,,,(202) 730-0004,,voice,,Mazique Parent Child Resource Center,
96,1.31583E+15,,1.28713E+15,,,(202) 678-2879,,fax,,,
97,,"916,268,094,765,428,000,000,000,000,000,000,000,000,000,000,000,000,000,000,000,000,000,000,000,000,000,000,000,000,000,000,000,000,000,000,000,000,000,000,000,000,000,000,000,000,000,000,000,000,000,000,000,000,000,000,000,000",8.0111E+14,,,(202) 737-9311,,voice,,,
98,1.18682E+15,"1,213,230,585,541,920,000,000,000,000,000,000,000,000,000,000,000,000,000,000,000,000,000,000,000,000,000,000,000,000,000,000,000,000,000,000,000,000,000,000,000,000,000,000,000,000,000,000,000,000,000,000,000",7.61154E+14,,,(202) 238 4609,,voice,,,
99,,8.81476E+14,1.141E+15,,,240.270.1318,,voice,fr,French,
100,,,1.17815E+15,,,(202) 291-5535,,,,,
101,7.70635E+14,,6.05135E+14,,,202-803-2350,,fax,,DC Fax,
102,7.98495E+14,"13,076,227,315,735,100,000,000,000,000,000",,,,202-506-7264,,,,,
103,,,,,,202-448-1455,,,,,
104,,"1,013,626,780,767,010,000,000,000,000,000,000,000,000,000,000,000,000,000,000,000,000,000,000,000,000,000,000,000,000,000,000,000,000,000,000,000,000,000,000,000,000",7.69894E+14,,,202.204.5021,,voice,,,
105,8.97673E+14,9.28789E+14,7.61154E+14,,,(202) 682-6599,,voice,,,
106,8.58837E+14,"10,800,609,111,795,400,000,000,000,000,000",,,,(202) 386-7020,,voice,,Bread for the City medical clinic,
107,5.93421E+14,6.72042E+14,,,,(202) 328-9680,,voice,,,
108,8.26028E+14,,1.09903E+15,,,(202) 265-0149,,,,,
109,,1.19769E+15,1.3232E+15,recWO6bXZmWhRwQpv,,(202) 607-7622,,voice,,,
110,"789,258,912,445,477,000,000,000,000,000","73,324,406,208,027,800,000,000,000,000,000,000,000,000,000,000,000,000,000,000,000,000,000,000,000,000",9.64009E+14,,,(202) 462-7500,,voice,,,
111,,"7,827,994,130,988,060,000,000,000,000,000",1.1806E+15,,,202-397-1725,,voice,,,
112,1.1066E+15,"8,254,519,597,784,790,000,000,000,000,000",,,,1-800-535-7252,,voice,,DCâ€™s Emergency Shelter Hotline,
113,1.19586E+15,,7.69348E+14,,,(202) 289-3611,,,,,
114,6.92232E+14,,9.7368E+14,,,(202) 833-7500,,,,,
115,,,,,,(202) 347-0511,,,,,
116,,,6.82552E+14,,,571.748.2500,,voice,,,
117,9.28012E+14,"1,273,613,208,251,490,000,000,000,000,000",9.1969E+14,,,703.347.6042,,voice,,,
118,,,,,,(202) 525-1527,,,,,
119,,1.23383E+15,,,,(202) 508-0500,,,,,
120,1.18294E+15,8.43621E+14,1.33145E+15,,,(301) 864-3115,,voice,,,
121,6.20133E+14,1.14569E+15,,,,202-574-6141,,voice,,United Medical Center Primary Care Scheduling,
122,9.05038E+14,,1.27923E+15,,,202-234-8000,,voice,,,
123,7.56139E+14,,,,,202.396.0703,,fax,,,
124,1.3003E+15,,6.60031E+14,,,(202) 745-8000 ext 4999,,,,,
125,1.14698E+15,"937,906,584,225,930,000,000,000,000,000,000,000,000,000,000",1.08549E+15,,,(202) 265-1410,,voice,,,
126,,"7,592,878,716,301,490,000,000,000,000,000",6.82552E+14,recWwZVWvGlCfTIIM,,571.748.2536,,voice,,,
127,1.12301E+15,,,,,301-765-5497,,fax,,,
128,,,,,,no phone number information available for this agency.,,,,,
129,7.56139E+14,"8,319,047,387,736,390,000,000,000,000,000,000,000,000,000,000,000,000,000,000,000,000,000,000,000,000,000,000,000,000,000,000,000,000,000,000,000",1.00762E+15,,,(202) 396-0534,,voice,,,
130,1.11234E+15,5.67632E+14,1.108E+15,,,202-269-9647,,fax,,,
131,7.86927E+14,,1.18953E+15,,,(202) 328-5500,,,,,
132,,"865,253,695,035,282,000,000,000,000,000",,recQ0Ig1mXQcdQRpX,,202-448-1455,,,,,
133,1.09016E+15,"8,505,235,922,710,250,000,000,000,000,000,000,000,000,000,000,000,000,000,000,000,000,000,000,000,000",1.19587E+15,,,202.407.7747,,,,,
134,1.21881E+15,9.08537E+14,,,,202-675-9222,,,,,
135,9.68722E+14,,1.22011E+15,,,(202) 745-0073,,,,,
136,1.19728E+15,"11,453,999,255,297,700,000,000,000,000,000",7.82407E+14,,,(202) 583-7416,,voice,,,
137,,,,recvO3udOgPWMJMuE,,202-503-1523,,voice,,,
138,,"118,338,360,101,059,000,000,000,000,000,000,000,000,000,000,000",1.14622E+15,,,(202) 540-1064,,voice,,,
139,9.5592E+14,6.53859E+14,,,,(202) 793-2157,,fax,,,
140,1.29E+15,6.99058E+14,,,,(301) 839-1960,201,voice,,,
141,9.36935E+14,"7,532,531,594,978,620,000,000,000,000,000,000,000,000,000,000,000,000,000,000,000",1.24524E+15,,,(202) 544-0631,,voice,,Everyone Home DC Headquarters,
142,1.18587E+15,7.58847E+14,1.27679E+15,,,(202) 543-5796,,,,,
143,7.99909E+14,,9.32228E+14,,,(202) 388-3001,,,,,
144,1.09882E+15,"112,535,040,367,927,000,000,000,000,000,000,000,000,000,000,000,000,000,000,000,000,000,000,000,000,000",9.31367E+14,,,(202) 312-7140,,,,,
145,6.88746E+14,"1,048,327,823,635,540,000,000,000,000,000",1.27597E+15,,,202-483-7008,,voice,,,
146,1.14039E+15,"12,447,479,597,738,700,000,000,000,000,000",6.01937E+14,,,(202) 462-8686,,voice,,,
147,,1.10446E+15,,,,202-675-9380,,,,,
148,1.2299E+15,6.53859E+14,,,,(703) 271-0941,,fax,,,
149,1.283E+15,,9.64889E+14,,,(202) 889-1159,,fax,,,
150,1.31886E+15,,9.06743E+14,,,(202) 830-3508,,,,,
151,,8.55117E+14,,,,202-414-6316,,voice,,,
152,9.2868E+14,,1.2954E+15,,,(202) 727-1101,,,,,
153,1.09221E+15,,1.18311E+15,,,(202) 727-8857,,,,,
154,1.00071E+15,"8,598,971,615,570,470,000,000,000,000,000,000,000,000,000,000",1.19587E+15,,,202.398.5520,,,,,
155,,1.02837E+15,,,,(202) 545-8047,,,,,
156,,"6,725,391,290,084,080,000,000,000,000,000",,,,(202) 749-8000,,voice,,DC Domestic Violence Hotline,
157,7.65116E+14,,1.1806E+15,,,(202) 289-5693,,fax,,,
158,,"7,772,606,966,950,530,000,000,000,000,000",7.61154E+14,recEM2p5BjhCA45RE,,202-610-2796,,voice,,Youth services center,
159,8.80015E+14,6.53859E+14,,,,(301) 439-5944,,voice,,,
160,1.26623E+15,1.28718E+15,9.99334E+14,,,(301) 330-0222,,voice,,,
161,,1.21496E+15,,,,(202) 508-0500,,,,,
162,1.2879E+15,7.62888E+14,,,,(202) 434-2099,,voice,,AARP Senior Medicare Patrol (SMP),
163,7.71634E+14,"614,149,741,156,528,000,000,000,000,000",8.04045E+14,,,202.234.0707,,,,,
164,1.28914E+15,"93,346,900,896,638,900,000,000,000,000,000,000,000,000,000,000,000,000,000,000,000,000,000,000,000,000,000,000,000,000,000",1.26543E+15,,,(202) 885-5600,,voice,,,
165,,"1,135,905,810,909,480,000,000,000,000,000",8.55094E+14,,,703.323.6494,,voice,,,
166,7.71072E+14,,1.27805E+15,,,(202) 727-4218,,,,,
167,1.09189E+15,,1.141E+15,,,571.320.1761,,voice,,Front Desk,
168,"697,236,030,854,047,000,000,000,000,000","6,817,671,715,539,590,000,000,000,000,000,000,000,000,000,000,000,000,000,000,000,000,000,000,000,000",8.09193E+14,,,(202) 232-0789,,voice,,,
169,,6.33702E+14,6.82552E+14,,,703.792.3366,,voice,,,
170,,9.98912E+14,,,,202-459-4004,,,,,
171,,1.05246E+15,,,,(301) 816-2676,,voice,,JSSA Hospice Hotline,
172,"6,108,945,189,189,200,000,000,000,000,000",,6.92113E+14,,,301-608-3508,,fax,,,
173,7.28146E+14,,8.09193E+14,,,202-723-0480,,fax,,,
174,,,,,,202-745-7118,,,,,
175,8.77958E+14,,9.41816E+14,,,(202) 687- 0821,,,,,
176,8.14793E+14,9.77587E+14,,,,(800) 433-5255,,voice,,The Arc of DC,
177,,,,,,5555555555,,,,,
178,8.56126E+14,,,,,800-787-0243,,voice,,,
179,6.09551E+14,,1.32616E+15,,,202-547-8450,,voice,,,
180,,1.29814E+15,,,,(202) 470-1201,,,,,
181,,,,,,202) 808-2727,,,,,
182,1.27304E+15,,1.141E+15,,,410.732.7777,,voice,,Membership,
183,9.09943E+14,5.96474E+14,8.89846E+14,,,(202) 373-0246,,voice,,Academy of Hope - Southeast Site (Ward 8),
184,,1.13664E+15,6.82552E+14,,,571.748.2680,,voice,,,
185,,1.14032E+15,1.3232E+15,recJLYeJmdm35l7xY,,(202) 319-1238,,voice,,,
186,8.61907E+14,"11,661,064,167,396,300,000,000,000,000,000,000,000,000,000,000",1.27452E+15,,,(202) 529-3075,,voice,,,
187,9.79448E+14,,,,,571-226-8380,,voice,,,
188,,1.25374E+15,7.61154E+14,recYPq90lbqzxj6NH,,202-610-2014,,voice,,,
189,,1.13317E+15,7.61154E+14,rectZNYeoAJtNH5TI,,(202) 238-4605,,voice,,,
190,6.94217E+14,,,,,301-468-1740,,voice,,,
191,,"1,272,292,641,029,290,000,000,000,000,000",,,,202-624-0010,,,,,
192,1.16171E+15,6.05774E+14,7.43526E+14,,,(202) 727-9493,,textphone,,,
193,8.47472E+14,,7.56344E+14,,,(202) 266-6328,,,,,
194,8.12652E+14,,,,,202-741-4100,,,,,
195,,"1,208,786,629,108,150,000,000,000,000,000",,recAjxooDMfifSsn7,,202-312-7159,,,,,
196,,,1.141E+15,,,301.270.8432,,voice,,Salud es Vida Bilingual Health Hotline,
197,,1.02219E+15,1.19587E+15,,,202.232.9022,,voice,,,
198,,7.96887E+14,1.00655E+15,,,(202) 715-1288,,voice,,,
199,,,,,,202-437-5643,,,,,
200,1.11573E+15,,,,,(301) 891-8000,,voice,,,
201,1.27922E+15,5.85908E+14,8.62675E+14,,,(202) 698-8037,,voice,,,
202,,,1.16844E+15,,,202-483-5801,,fax,,,
203,,,1.141E+15,,,240-491-5746,,voice,,,
204,1.27464E+15,,5.59155E+14,,,(202) 724-5454,,,,,
205,8.78783E+14,,1.1806E+15,,,(202) 244-7400,,voice,,,
206,,,,,,202-698-1838,,,,,
207,"1,154,195,373,907,800,000,000,000,000,000,000,000,000,000,000","1291599466171764,978182683421582,759682631849783,754621632893339,902951823980164,945841786673442,1154397851156755,886267440482873,1252264089140599,1187463498588025,1228495289369706,1265325284377461,740916631620812,1248912869636667,961458582690801,660868979951197,1321094180433140,908926837435227",7.26173E+14,,,202-745-7118,,voice,,,
208,1.00192E+15,"11,207,439,353,347,700,000,000,000,000,000,000,000,000,000,000",1.27668E+15,,,(202) 506-8938,,voice,,,
209,,1.28225E+15,,,,(202) 508-0500,,,,,
210,9.8455E+14,,7.45763E+14,,,(202) 667-8831,,,,,
211,1.19189E+15,"1,220,271,139,140,870,000,000,000,000,000,000,000,000,000,000,000,000,000,000,000,000",1.08859E+15,,,(202) 248-2877,,voice,,Intake line for Mamatoto Village,
212,,6.19923E+14,8.55094E+14,,,703.652.1515,,voice,,,
213,,"7,751,119,696,750,060,000,000,000,000,000,000,000,000,000,000,000,000,000,000,000,000,000,000,000,000,000,000,000,000,000,000,000,000,000,000,000,000,000,000,000",8.10479E+14,,,1 (800) 676-4477,,voice,,Hotline,
214,"9,775,895,908,642,350,000,000,000,000,000,000,000,000,000,000","884244585280076,767255821745825,989819878149890,658231090559812,947357493854904,1173963793862866,970377297500925,1107634998787398,1127640457224641,762171918332918,641610186670486,678882337307747,964012421803449,1201397185768590,785647685413221,833788770520302",9.7056E+14,,,(301) 816-2633,,voice,,Main line for JSSA Maryland.,
215,1.21552E+15,"1,272,430,859,437,960,000,000,000,000,000",9.09402E+14,,,(202) 682-5825,,,,,
216,,,8.76152E+14,,,(202) 543-3217,,,,,
217,6.47498E+14,,,,,(202) 889-3374,,fax,,,
218,1.28341E+15,,1.141E+15,,,(240) 491-5780,,voice,,Employment,
219,,1.19522E+15,,,,202-476-5544,,,,,
220,1.2826E+15,1.05225E+15,,,,(202) 476-4733,,,,,
221,1.00275E+15,"9,568,176,464,772,910,000,000,000,000,000,000,000,000,000,000,000,000,000,000,000,000,000,000,000,000,000,000,000,000,000,000,000,000,000,000",6.05135E+14,,,301-441-1605,,voice,,MD Phone,
222,1.18601E+15,"76,101,822,872,241,800,000,000,000,000,000,000,000,000,000,000,000,000,000,000,000,000,000,000,000,000,000,000,000,000,000,000,000,000,000,000,000,000,000,000,000,000,000,000,000,000,000,000,000,000,000,000",1.18608E+15,,,(202) 939-1380,,fax,,,
223,1.11205E+15,,6.53128E+14,,,(202) 882-7345,,voice,,,
224,,,8.0111E+14,recLj9RC1ASMXCSdR,,202-503-1533,,voice,,,
225,9.94309E+14,,1.1507E+15,,,(202) 561-4178,,voice,,Office,
226,8.82333E+14,,1.28473E+15,,,(202) 387-9000,,,,,
227,,,8.0111E+14,recs09xJr42RSraTX,,(202) 503-1530,,voice,,,
228,1.09016E+15,1.26773E+15,1.19587E+15,,,202.540.9862,,voice,,Conway Health and Resource Center - Dental,
229,9.79448E+14,,,,,571-405-5700,,fax,,,
230,1.04556E+15,,1.11074E+15,,,(202) 269-7000,,,,,
231,8.28793E+14,"797,834,103,829,212,000,000,000,000,000,000,000,000,000,000,000,000,000,000,000,000,000,000,000,000,000,000,000,000,000,000,000,000,000,000,000,000,000,000,000,000,000,000,000,000,000,000,000,000,000,000",9.83721E+14,,,202-462-3274,,voice,,,
232,6.02792E+14,1.10992E+15,1.32616E+15,,,202-291-2160,,fax,,,
233,,,,,,Sorry,,,,,
234,8.88399E+14,"12,588,555,490,149,300,000,000,000,000,000",1.18385E+15,,,202.296.8563,,voice,,,
235,1.17917E+15,"6,571,790,158,844,720,000,000,000,000,000",8.55094E+14,,,202.735.3464,,voice,,,
236,9.02697E+14,,9.1969E+14,,,703.799.7015,,voice,,,
237,,"839,260,018,674,017,000,000,000,000,000",1.3232E+15,,,(202) 768-7801,,voice,,,
238,8.41307E+14,"796,710,603,642,968,000,000,000,000,000,000,000,000,000,000,000,000,000,000,000,000,000,000,000,000,000,000,000,000,000,000",8.51305E+14,,,(202) 291-4707,,voice,,Andromeda Transcultural Health,
239,1.283E+15,"11,727,935,800,600,200,000,000,000,000,000,000,000,000,000,000,000,000,000,000,000,000,000,000,000,000,000,000,000,000,000,000,000,000,000,000,000",9.64889E+14,,,(202) 889-5802,,voice,,,
240,6.14055E+14,7.24877E+14,,,,(202) 673-6993,,fax,,,
241,6.94217E+14,,,,,301-816-8679,,fax,,,
242,,1.12375E+15,5.62837E+14,,,(312) 673-5517,,voice,,,
243,1.20552E+15,1.22568E+15,8.64654E+14,,,(202) 525-4855,,,,,
244,1.10465E+15,,9.7056E+14,,,(301) 881-3700,,voice,,,
245,1.17011E+15,"942,312,969,809,968,000,000,000,000,000,000,000,000,000,000,000,000,000,000,000,000,000,000,000,000,000,000,000,000,000,000,000,000,000,000,000,000,000,000,000,000,000,000,000,000,000,000,000,000,000,000,000,000,000,000,000,000,000,000,000,000,000",8.87352E+14,,,(202) 319-3414,,fax,,Medical record fax number,
246,,"943,779,508,068,444,000,000,000,000,000",7.61154E+14,,,(202) 231-7910,,voice,,,
247,6.71469E+14,"640,103,169,037,193,000,000,000,000,000",9.15322E+14,,,(202) 543-4200,,voice,,,
248,1.09144E+15,,1.141E+15,,,301.431.4185,,voice,,Membership,
249,,9.20717E+14,1.25664E+15,,,202-525-1426,,voice,,,
250,,1.27059E+15,1.17252E+15,,,711,,textphone,,,
251,"6,108,945,189,189,200,000,000,000,000,000","10,711,102,855,657,800,000,000,000,000,000,000,000,000,000,000",6.92113E+14,,, 301-608-3504,,voice,,,
252,,1.08779E+15,,,,(202) 469-4699,,,,,
253,9.26856E+14,1.18433E+15,,,,(202) 722-4544,,voice,,,
254,,,,,,202-503-1523,,,,,
255,1.28497E+15,,1.32616E+15,,,202-388-9209,,fax,,,
256,,6.19923E+14,8.55094E+14,,,240.290.3311,,voice,,,
257,,,1.19196E+15,,,(202) 644-9800,,,,,
258,1.18939E+15,,5.74965E+14,,,(202) 462-5305,,fax,,,
259,,1.1016E+15,,,,(202) 508-0500,,,,,
260,6.09551E+14,,1.32616E+15,,,202-610-7147,,fax,,,
261,,1.28347E+15,,,,(202) 469-4699,,,,,
262,1.14039E+15,"12,447,479,597,738,700,000,000,000,000,000",6.01937E+14,,,(202) 462-9280,,fax,,,
263,9.48165E+14,,1.28048E+15,,,(202) 939-7627,,,,,
264,"817,854,864,378,068,000,000,000,000,000","1,098,998,360,726,280,000,000,000,000,000",7.95756E+14,,,(202) 387-4848,,,,,
265,,8.70219E+14,,,,202-476-5166,,,,,
266,1.2206E+15,,8.6523E+14,,,(202) 232-0900,,,,,
267,1.16171E+15,6.05774E+14,7.43526E+14,,,202-727-9493,,voice,,,
268,9.48737E+14,6.53859E+14,,,,(202) 889-7705,,fax,,,
269,9.94309E+14,,1.1507E+15,,,(202) 561-0336,,fax,,,
270,1.11234E+15,5.67632E+14,1.108E+15,,,(202) 635-9053,,voice,,,
271,8.68711E+14,"123,563,640,534,906,000,000,000,000,000,000,000,000,000,000,000,000,000,000,000,000,000,000,000,000,000,000,000,000,000,000",8.87352E+14,,,(202) 507-4800,,voice,,,
272,1.14746E+15,"9,368,633,316,763,900,000,000,000,000,000,000,000,000,000,000,000,000,000,000,000",1.31845E+15,,,(202) 783-7343,,voice,,,
273,1.00275E+15,,6.05135E+14,,,301-345-1609,,fax,,MD Fax,
274,,7.60885E+14,,,,(202) 745-6151,,,,,
275,9.51106E+14,1.32226E+15,,,,202-889-2102,,,,,
276,1.27971E+15,,8.26684E+14,,,(202) 537-4000,,,,,
277,1.10984E+15,"11,073,007,258,704,200,000,000,000,000,000","59,353,087,596,806,600,000,000,000,000,000,000,000,000,000,000",,,1-888-793-4357,,voice,,,
278,1.10885E+15,,7.69894E+14,,,202.624.0062,,fax,,,
279,6.28637E+14,"565,227,181,581,504,000,000,000,000,000,000,000,000,000,000,000,000,000,000,000,000,000,000,000,000,000,000,000,000,000,000",1.01354E+15,,,202.398.3411,,voice,,,
280,1.2666E+15,,1.26023E+15,,,(202) 547-6175,,,,,
281,1.28497E+15,###############################################################################################################################################################################################################################################################,1.32616E+15,,,202-388-9202,,voice,,,
282,,1.30421E+15,,,,202745,,,,,
283,,,1.21959E+15,,,202) 635-4265,,fax,,,
284,1.12301E+15,1.17601E+15,,,,301-765-5430,,voice,,,
285,6.44199E+14,"13,375,704,087,008,500,000,000,000,000,000,000,000,000,000,000",8.72299E+14,,,(202) 373-0336,,fax,,OIC/DC Training Center,
286,1.26254E+15,,,,,(202) 895-3870,,fax,,,
287,,,,,,(202) 373-0050,,,,,
288,9.06652E+14,"12,877,386,887,077,000,000,000,000,000,000,000,000,000,000,000,000,000,000,000,000,000,000,000,000,000",9.3091E+14,,,(703) 339-5161,,voice,,,
289,1.31839E+15,1.0909E+15,1.141E+15,,, 571.421.2211,,voice,,Front Desk,
290,,1.18607E+15,1.1806E+15,,,2028443000,,voice,,,
291,6.38979E+14,,8.37178E+14,,,(202) 637-7000,,,,,
292,,9.31334E+14,,,,202-829-2773,,voice,,,
293,9.3905E+14,,1.141E+15,,,301.933.4461,,voice,,Membership,
294,,1.0843E+15,,,,202-675-9385,,,,,
295,6.88457E+14,"573,528,188,325,499,000,000,000,000,000,000,000,000,000,000,000,000,000,000,000,000,000,000,000,000,000,000,000,000,000,000",1.28641E+15,,,202.724.4208,,voice,,,
296,,9.85013E+14,1.32616E+15,recbSLM4mr0F0tyDd,,202- 644-1406,,voice,,,
297,,5.90149E+14,,reco1eWjzzXOD4A8S,,(202) 830-3512,,voice,,,
298,1.15408E+15,,1.1806E+15,,,(202) 635-9384,,voice,,,
299,,1.22628E+15,,,,(202) 469-4699,,,,,
300,1.32487E+15,1.08743E+15,,,,202-893-6474,,,,,
301,9.84059E+14,"5,925,112,606,133,840,000,000,000,000,000,000,000,000,000,000",9.00456E+14,,,(202) 783-0519,,fax,,Asbury United Methodist Church,
302,1.2299E+15,6.53859E+14,,,,(703) 271-0938,,voice,,,
303,9.8703E+14,"13,115,951,689,312,900,000,000,000,000,000,000,000,000,000,000,000,000,000,000,000,000,000,000,000,000,000,000,000,000,000,000,000,000,000,000,000",9.1969E+14,,,703.768.7106,,voice,,,
304,9.52435E+14,8.49003E+14,1.09704E+15,,,202-526-1730,,voice,,,
305,9.50009E+14,"99,025,894,267,423,400,000,000,000,000,000,000,000,000,000,000,000,000,000,000,000,000,000,000,000,000,000,000,000,000,000,000,000,000,000,000,000,000,000,000,000",1.00439E+15,recxqtGjgpPJ4Wgfb,,(301) 585-6556,,voice,,,
306,1.28665E+15,"78,945,656,579,184,300,000,000,000,000,000,000,000,000,000,000,000,000,000,000,000,000,000,000,000,000,000,000,000,000,000,000,000,000,000,000,000,000,000,000,000",7.27758E+14,,,(202) 889-1425,,voice,,,
307,,9.58644E+14,,,,202-675-9370,,,,,
308,,"93,346,900,896,638,900,000,000,000,000,000,000,000,000,000,000,000,000,000,000,000,000,000,000,000,000,000,000,000,000,000",1.26543E+15,,,1-800-369-2273,,voice,,,
309,7.78459E+14,,,,,202-621-8617,,fax,,,
310,6.25765E+14,1.19151E+15,,,,(202) 588-1375,,voice,,,
311,,6.17081E+14,1.141E+15,recBvp9dRT1Tjjiyr,,240-491-5750,,voice,,,
312,"685,766,591,979,438,000,000,000,000,000","6,571,790,158,844,720,000,000,000,000,000",8.55094E+14,,,301.255.4204,,voice,,,
313,1.00573E+15,,8.62349E+14,,,(202) 292-4431,,,,,
314,8.43095E+14,"8,959,734,681,500,970,000,000,000,000,000",1.24524E+15,,,(202) 544-3863,,fax,,Everyone Home DC Shirley's Place Day Center,
315,"867,077,559,081,285,000,000,000,000,000","1,192,518,431,630,550,000,000,000,000,000",7.06477E+14,,,(202) 889-3660,,voice,,Brighter Day Ministries - both locations,
316,1.29145E+15,,8.03996E+14,,,(202) 645-7111,,,,,
317,,,,,,202.232.7356,,,,,
318,6.59629E+14,,9.22709E+14,,,(202) 442-5955,,,,,
319,1.32112E+15,,9.7056E+14,,,(703) 204-9100,,voice,,,
320,1.21301E+15,,1.23077E+15,,,(202) 626-0710,,,,,
321,,6.26862E+14,,recmuGV0G9zgdvGcV,,202-830-3578,,,,,
322,,,8.55803E+14,,,202-882-9343,,fax,,,
323,8.56126E+14,,,,,301-294-0897,,fax,,,
324,1.16684E+15,,1.16592E+15,,,(202) 387-2222,,,,,
325,,1.31443E+15,,,,(866) 724-1805,,,,,
326,5.72381E+14,"783,798,317,190,015,000,000,000,000,000,000,000,000,000,000,000,000,000,000,000,000,000,000,000,000,000,000,000,000,000,000,000,000,000,000,000,000,000,000,000,000",5.77764E+14,,,202.355.5155,,voice,,,
327,,7.89912E+14,8.55094E+14,,,301.468.6280,,voice,,,
328,,"12,983,099,495,224,900,000,000,000,000,000,000,000,000,000,000,000,000,000,000,000",7.91951E+14,,,202.658.9599,,voice,,Intake line,
329,9.59373E+14,,6.36427E+14,,,(202) 465-8794,,voice,,Office line,
330,7.64854E+14,"63,370,210,283,758,100,000,000,000,000,000,000,000,000,000,000,000,000,000,000,000",6.82552E+14,rec8MIyotOye1uWWG,,571.748.2674,,voice,,,
331,7.88509E+14,"1,199,983,060,673,410,000,000,000,000,000",,,,(202) 234-4863,,fax,,,
332,6.16653E+14,5.65809E+14,6.41528E+14,,,(202) 678-4300,,voice,,,
333,,,,,,202-448-1455,,,,,
334,,"667,209,917,494,721,000,000,000,000,000,000,000,000,000,000,000,000,000,000,000,000,000,000,000,000,000",1.06172E+15,,,202-476-5980,,voice,,Psychiatry and Behavioral Sciences,
335,5.86004E+14,1.27712E+15,,,,(202) 253-5712,,voice,,Mobile Unit,
336,,9.66657E+14,8.40733E+14,,,(202) 302-6669,,voice,,,
337,9.53407E+14,,1.30069E+15,,,(202) 745-8685,,,,,
338,9.32197E+14,,8.74969E+14,,,(202) 535-1000,,,,,
339,7.43353E+14,"13,148,237,708,347,900,000,000,000,000,000,000,000,000,000,000,000,000,000,000,000,000,000,000,000,000,000,000,000,000,000",9.76379E+14,,,(202) 529-2972,,voice,,,
340,,1.20878E+15,9.22709E+14,,,(888) 793-4397,,,,,
341,9.84945E+14,,1.19587E+15,,,202.232.7356,,,,,
342,8.48686E+14,"11,072,435,534,388,000,000,000,000,000,000,000,000,000,000,000,000,000,000,000,000,000,000,000,000,000,000,000,000,000,000,000,000,000,000,000",8.77367E+14,,,301-735-0121,,voice,,,
343,9.88704E+14,,8.45886E+14,,,(202) 767-0450,,,,,
344,,,1.13198E+15,,,(202) 232-7320,,,,,
345,1.25451E+15,6.65682E+14,,,,(202) 727-2832,,voice,,,
346,8.13926E+14,"1,182,157,958,552,300,000,000,000,000,000,000,000,000,000,000,000,000,000,000,000",5.80772E+14,,,202-387-6755,,voice,,,
347,"7,651,158,194,943,800,000,000,000,000,000","5,719,696,991,287,170,000,000,000,000,000",1.1806E+15,,,(202) 529-8701,,voice,,Ward 5 location,
348,1.08941E+15,,8.01266E+14,,,(202) 686-4850,,,,,
349,1.14033E+15,,1.12031E+15,,,(202) 554-2926,,,,,
350,9.79564E+14,,1.141E+15,,,240.491.5754,,voice,,Membership,
351,1.23585E+15,,,,,202-885-9613,,,,,
352,8.73274E+14,5.96474E+14,8.89846E+14,,,(202) 269-6623,,voice,,Academy of Hope - Northeast Site (Ward 5/Main site),
353,8.73274E+14,5.96474E+14,8.89846E+14,,,(202) 269-6632,,fax,,Academy of Hope - Northeast Site (Ward 5/Main site),
354,5.85101E+14,,1.3232E+15,,,(202) 713-0475,,voice,,,
355,,7.54669E+14,8.40733E+14,,,(202) 851-3278,,voice,,,
356,1.26254E+15,,,,,202-895-3860,,voice,,,
357,8.28472E+14,,1.14622E+15,,,(202) 529-5261,,voice,,,
358,"6,084,978,283,164,450,000,000,000,000,000","11,727,935,800,600,200,000,000,000,000,000,000,000,000,000,000,000,000,000,000,000,000,000,000,000,000,000,000,000,000,000,000,000,000,000,000,000",9.64889E+14,,,(202) 470-1534,,textphone,,,
359,1.26401E+15,"11,372,504,541,829,800,000,000,000,000,000,000,000,000,000,000,000,000,000,000,000,000,000,000,000,000",,,,(202) 706-7150,,voice,,Main line to Asian Pacific American Legal Resource Center,
360,,,,,,(202) 420-7122,,,,,
361,1.32112E+15,###############################################################################################################################################################################################################################################################,9.7056E+14,,,(703) 896-7918,,voice,,Main line for JSSA in Virginia.,
362,,7.89912E+14,8.55094E+14,,,703.652.1510,,voice,,,
363,1.28266E+15,"825,451,959,778,479,000,000,000,000,000,000,000,000,000,000,000,000,000,000,000,000","7,611,539,306,972,750,000,000,000,000,000",,,202-399-7093,,voice,,,
364,8.33655E+14,1.099E+15,7.95756E+14,,,(703) 444-7009,,voice,,Ayuda VA office,
365,1.16381E+15,,6.36208E+14,,,(202) 806-4564,,,,,
366,7.28146E+14,,8.09193E+14,,,(202) 328-1371,,textphone,,,
367,,7.67586E+14,,,,(202) 469-4699,,,,,
368,8.1882E+14,,1.141E+15,,,240.821.5816,,voice,,Membership,
369,,1.234E+15,1.3232E+15,recNcZ2bg7PrGh0mp,,202-344-7849,,voice,,,
370,,9.15917E+14,,,,(202) 508-0500,,,,,
371,1.1881E+15,,6.06159E+14,,,(202) 550-4547,,,,,
372,,8.34471E+14,8.55094E+14,,,703.537.3071,,,,,
373,,,1.31845E+15,,,202-347-5476,,fax,,,
374,,###############################################################################################################################################################################################################################################################,8.55094E+14,,,301.255.4200,,voice,,,
375,1.29347E+15,1.20367E+15,8.40733E+14,,,844-370-6201,,voice,,,
376,1.11843E+15,,1.19686E+15,,,(202) 667-7001,,,,,
377,,"6,725,391,290,084,080,000,000,000,000,000",,,,(800) 799-7233,,voice,,National Domestic Violence Hotline,
378,8.61097E+14,"88,098,828,578,862,800,000,000,000,000,000,000,000,000,000,000,000,000,000,000,000,000,000,000,000,000",1.25332E+15,,,202.562.5576,,voice,,,
379,,6.37918E+14,1.3232E+15,rec9swbUhRkvidLQO,,(202) 424-8697,,voice,,,
380,1.25451E+15,6.65682E+14,,,,(202) 547-1619,,fax,,,
381,"861,447,627,614,096,000,000,000,000,000","1281204672852064,673534610271949,953777853543160,899463533628469,874272763703793,1332300140733520,771396624281852,1123263717880462,1222426882848143,846445553337660,784403343985076,1070582664052295,615186024715740,1105865058729494,946643663102938,651208869509343,1149122872651888,666406976354887,741770132344686,638393936667053,1157294466052185,968013894798831,633712201049185,1250906881501241","833,556,938,177,872,000,000,000,000,000",,,(202) 232-6100,,,,,
382,,9.93349E+14,1.00655E+15,,,(202) 715-2658,,voice,,,
383,9.48737E+14,6.53859E+14,,,,(202) 889-7702,,voice,,,
384,6.38793E+14,9.28789E+14,8.04221E+14,,,(202) 727-8473,,,,,
385,1.22002E+15,"11,901,834,382,770,700,000,000,000,000,000,000,000,000,000,000,000,000,000,000,000,000,000,000,000,000",1.04325E+15,,,(202) 835-8376,,fax,,,
386,,,1.141E+15,,,571.210.2521,,voice,,Culmore Worker Line,
387,1.19117E+15,"1,182,157,958,552,300,000,000,000,000,000,000,000,000,000,000,000,000,000,000,000",5.80772E+14,,,202-518-0456,,voice,,,
388,6.56132E+14,,6.08022E+14,,,(202) 562-6339,,voice,,Paramount Baptist Church,
389,1.26162E+15,6.05724E+14,1.1806E+15,,,(202) 635-1900,,voice,,,
390,1.11234E+15,5.67632E+14,1.108E+15,,,2026359050,,voice,,,
391,7.73029E+14,,,,,(202) 547-7777,,voice,,Emergency line for Project Safe Place at Sasha Bruce,
392,"9,384,067,359,712,290,000,000,000,000,000,000,000,000,000,000","131,821,823,860,244,000,000,000,000,000,000,000,000,000,000,000",6.40186E+14,,,(202) 462-7275,,voice,,,
393,9.94309E+14,"1,174,068,491,618,790,000,000,000,000,000",1.1507E+15,,,(202) 561-4024,,fax,,Outreach Center,
394,1.15956E+15,"1,088,833,752,301,560,000,000,000,000,000",1.3232E+15,,,(202) 462-5696,,fax,,,
395,9.3905E+14,,1.141E+15,,,240.491.5772,,voice,,Employment,
396,,###############################################################################################################################################################################################################################################################,8.55094E+14,,,703.425.0999,,voice,,,
397,,"858,697,878,378,487,000,000,000,000,000,000,000,000,000,000,000,000,000,000,000",8.55803E+14,,,202-882-4600,,voice,,,
398,,1.22912E+15,,recCKim3qYzZkNKzm,,(202) 830-3516,,voice,,,
399,,9.24435E+14,8.40733E+14,,,(202) 748-2611,,,,DV Support line,
400,"788,509,441,386,056,000,000,000,000,000","1,199,983,060,673,410,000,000,000,000,000",6.44695E+14,,,(202) 234-6855,,voice,,Main Line,
401,1.29801E+15,,1.21306E+15,,,(202) 442-4400,,,,,
402,,1.3426E+15,8.55094E+14,,,(301) 255-4250,,voice,,,
403,1.20192E+15,,6.47276E+14,,,(800) 833-3722,,,,,
404,1.22084E+15,,7.77796E+14,,,(202) 673-7440,,,,,
405,,,1.21115E+15,,,(202) 576-3102,,,,,
406,"8,314,546,232,754,660,000,000,000,000,000",9.40346E+14,7.56001E+14,,,(202) 332-5000,,,,,
407,,1.31683E+15,,,,(202) 508-0500,,,,,
408,5.36496E+14,,1.28641E+15,,,(202) 698-4350,,,,,
409,8.06539E+14,9.46406E+14,9.1969E+14,rec7g4SGF7AUKRZJ5,,703.799.8830,,voice,,,
410,7.9648E+14,,5.62837E+14,,,(202) 367-1119,,voice,,,
411,,"942,712,017,441,428,000,000,000,000,000",7.69894E+14,,,202) 204-5008,,voice,,,
412,"9,317,285,256,538,790,000,000,000,000,000,000,000,000,000,000","940,202,748,401,268,000,000,000,000,000,000,000,000,000,000,000,000,000,000,000,000,000,000,000,000,000,000,000,000,000,000,000,000,000,000,000",,,,(202) 832-6577,,voice,,,
413,1.20701E+15,,8.9161E+14,,,(703) 207-9204,,fax,,,
414,1.23429E+15,,9.9676E+14,,,(202) 678-8877,,,,,
415,9.20572E+14,"63,402,880,903,278,300,000,000,000,000,000,000,000,000,000,000",7.87727E+14,,,(202) 525-3467,,voice,,,
416,,1.17931E+15,8.0111E+14,rec0UqrGES3BaEYup,,(202)503-1524,,voice,,,
417,,"7,307,631,640,862,360,000,000,000,000,000,000,000,000,000,000",1.21959E+15,,,(202) 855-1234,,textphone,,,
418,9.12957E+14,,1.19587E+15,,,202.844.4000,,,,,
419,,1.17865E+15,,,,(202) 888-4834,,,,,
420,,6.3934E+14,,,,(202) 469-4699,,,,,
421,1.09189E+15,1.0909E+15,1.141E+15,,,571.320.1759,,voice,,Membership,
422,"1,209,121,324,412,170,000,000,000,000,000","12,241,044,456,586,800,000,000,000,000,000,000,000,000,000,000,000,000,000,000,000,000,000,000,000,000",1.18737E+15,,,(202) 842-1112,,,,,
423,1.32893E+15,,5.84105E+14,,,(301) 386-9400,,voice,,,
424,8.75108E+14,"11,727,935,800,600,200,000,000,000,000,000,000,000,000,000,000,000,000,000,000,000,000,000,000,000,000,000,000,000,000,000,000,000,000,000,000,000",9.64889E+14,,,(202) 280-6899,,voice,,,
425,,1.20741E+15,8.0111E+14,rechruomE12zSV1t8,,202) 503-1521,,voice,,,
426,"12,070,060,408,010,200,000,000,000,000,000",8.13498E+14,8.9161E+14,,,(703) 207-9173,,voice,,,
427,7.6373E+14,"71,304,609,533,147,300,000,000,000,000,000,000,000,000,000,000,000,000,000,000,000",1.16935E+15,,, (888) 327-8060,,voice,,Toll free,
428,1.04487E+15,"59,940,200,778,012,600,000,000,000,000,000,000,000,000,000,000,000,000,000,000,000,000,000,000,000,000,000,000,000,000,000,000,000,000,000,000,000,000,000,000,000,000,000,000,000,000,000,000,000,000,000,000,000,000,000,000",8.02521E+14,,,(202) 546-1512,,,,,
429,5.4792E+14,"657511678545226,688139575815288,810344496794884,821980999983631,1115196970236426,738209311024775,1100791575997951,1225863118799944,1251743719079225,1083719705858867,607894816484467,882877789489952,615976785591225,900680386991276,1273385977104878,1094845253700469,626403044236059",1.11681E+15,,,202-328-9799,,,,,
430,1.28341E+15,,1.141E+15,,,240.670.4847,,voice,,Membership,
431,8.1884E+14,"1,199,983,060,673,410,000,000,000,000,000",,,,(888) 793-4357,,voice,,Access Line,
432,1.25106E+15,1.27013E+15,9.1969E+14,,,703.765.0909,,voice,,,
433,,,8.40733E+14,,,(202) 420-7005,,,,,
434,1.17933E+15,,1.20095E+15,,,Phone No: (202) 638-0750,,,,,
435,,,,,,202-829-8900,,,,,
436,,9.48956E+14,8.40733E+14,,,(202) 545-2024,,voice,,Energy assistance program,
437,9.01615E+14,,1.27937E+15,,,(202) 292-4401,,,,,
438,6.20133E+14,"63,513,697,552,089,100,000,000,000,000,000,000,000,000,000,000,000,000,000,000,000,000,000,000,000,000",1.22098E+15,,,(202) 574-6000,,voice,,,
439,1.14782E+15,"838,994,053,401,205,000,000,000,000,000,000,000,000,000,000,000,000,000,000,000,000,000,000,000,000,000",1.13878E+15,,,202-234-9404,,voice,,,
440,,,,,,(202) 347-8870,,,,,
441,7.4175E+14,9.90367E+14,8.05168E+14,,,(202) 289-1510,,voice,,,
442,1.16164E+15,,1.32616E+15,,,202-581-0496,,fax,,,
443,1.1668E+15,,7.69894E+14,,,202.610.0066,,voice,,,
444,,"7,751,119,696,750,060,000,000,000,000,000,000,000,000,000,000,000,000,000,000,000,000,000,000,000,000,000,000,000,000,000,000,000,000,000,000,000,000,000,000,000",8.10479E+14,,,(202) 232-8150,,voice,,,
445,,5.85408E+14,1.32616E+15,recvlIvV35J4t1Zx5,,202-639-9762,,voice,,,
446,5.79383E+14,,,,,202-289-4595,,fax,,,
447,5.61801E+14,,9.29124E+14,,,(202) 726-0800,,,,,
448,6.02792E+14,1.10992E+15,1.32616E+15,,,202-464-9200,,voice,,,
449,1.10885E+15,"6,725,391,290,084,080,000,000,000,000,000",7.69894E+14,,,202.624.0010,,voice,,,
450,1.26401E+15,"8,300,802,816,304,760,000,000,000,000,000",1.14186E+15,,,(202) 393-3572,22,voice,,,
451,,"872,556,751,746,749,000,000,000,000,000",1.3232E+15,recX2toDOp0HKLNvq,,(202) 695-1278,,voice,,,
452,,8.99139E+14,,,,(301) 984-1742,,voice,,JSSA Premier Homecare,
453,,,1.04377E+15,,,(202) 469-4699,,,,,
454,1.25451E+15,6.65682E+14,,,,(202) 727-2833,,voice,,,
455,8.90234E+14,9.81581E+14,6.17117E+14,,,(202) 829-0420,,,,,
456,1.17011E+15,"942,312,969,809,968,000,000,000,000,000,000,000,000,000,000,000,000,000,000,000,000,000,000,000,000,000,000,000,000,000,000,000,000,000,000,000,000,000,000,000,000,000,000,000,000,000,000,000,000,000,000,000,000,000,000,000,000,000,000,000,000,000",8.87352E+14,,,(202) 667-3706,,fax,,Main fax number,
457,"646,558,365,152,210,000,000,000,000,000","8,534,683,451,233,450,000,000,000,000,000,000,000,000,000,000,000,000,000,000,000,000,000,000,000,000",1.16844E+15,,,202 - 483 - 5800,,voice,,,
458,1.21804E+15,1.27728E+15,,,,(202) 726-2203,,voice,,,
459,"644,198,517,647,426,000,000,000,000,000","7,658,647,867,717,320,000,000,000,000,000",8.72299E+14,,,(202) 839-3076,,voice,,OIC/DC Headquarters,
460,1.25692E+15,,9.1969E+14,,,7036192800,,voice,,,
461,8.47752E+14,,,,,(301) 297-4050,,fax,,,
462,,"11,661,064,167,396,300,000,000,000,000,000,000,000,000,000,000",1.00762E+15,,,202-526-3685,,voice,,Outreach center,
463,1.34856E+15,"12,955,688,823,485,300,000,000,000,000,000",1.09169E+15,,,(301) 424-1130,,voice,,,
464,9.3675E+14,,1.23593E+15,,,(202) 785-1670,,,,,
465,,8.50061E+14,,recSlNO43MW6cfvIE,,(202) 400-5194,,voice,,,
466,1.15956E+15,"1,088,833,752,301,560,000,000,000,000,000",1.3232E+15,,,(202) 319-2225,,voice,,,
467,1.19965E+15,8.73611E+14,5.7289E+14,,,(703) 379-9195,,fax,,,
468,7.16791E+14,,,,,(202) 396-9330,,,,,
469,8.1882E+14,,1.141E+15,,,(240) 491-5784,,voice,,Employment,
470,,,1.31845E+15,,,202-783-0101,,voice,,Outpatient,
471,1.2879E+15,"11,954,485,831,314,100,000,000,000,000,000,000,000,000,000,000,000,000,000,000,000,000,000,000,000,000,000,000,000,000,000,000,000,000,000,000,000,000,000,000,000,000,000,000,000,000",1.09313E+15,,,(202) 434-2120,,voice,,AARP Legal Counsel for the Elderly main line,
472,,,,recbC5uCUJvukSGvU,,202-624-1550,,voice,,,
473,8.76397E+14,6.15519E+14,7.91951E+14,,,202.248.0496,,,,,
474,"646,605,477,191,198,000,000,000,000,000,000,000,000,000,000","124,953,273,172,996,000,000,000,000,000,000,000,000,000,000,000,000,000,000,000,000,000,000,000,000,000",1.3067E+15,,,(202) 675-9340,,,,,
475,7.71897E+14,"10,769,809,138,647,700,000,000,000,000,000,000,000,000,000,000,000,000,000,000,000,000,000,000,000,000,000,000,000,000,000,000,000,000,000,000,000",1.23077E+15,,,(202) 626-0700,,voice,,,
476,8.67745E+14,,7.26173E+14,,,202-842-1731,,voice,,,
477,9.59978E+14,5.97026E+14,1.32616E+15,,,202-388-4300,,voice,,,
478,,1.10683E+15,1.06172E+15,,,202.476.5000,,voice,,Hospital operator,
479,5.94961E+14,"1,296,433,586,474,200,000,000,000,000,000",7.61154E+14,reccuMeNSpZ2syPvi,,202-562-3800,,voice,,,
480,1.20552E+15,1.22568E+15,,,,(202) 525-4864,,voice,,,
481,,8.05524E+14,,,,(202) 543-9355,,,,,
482,,1.30098E+15,,,,(202) 733-2741,,,,,
483,6.16405E+14,,1.11828E+15,,,(202) 797-8806 ext 1311,,,,,
484,6.56132E+14,,6.08022E+14,,,(202) 562-3653,,fax,,Paramount Baptist Church,
485,1.10139E+15,"9,276,433,150,072,170,000,000,000,000,000,000,000,000,000,000,000,000,000,000,000,000,000,000,000,000,000,000,000,000,000,000",1.16402E+15,,,(202) 645-3200,,voice,,,
486,8.1325E+14,,9.3091E+14,,,(703) 339-5161,,voice,,,
487,8.34887E+14,"13,135,808,389,034,500,000,000,000,000,000,000,000,000,000,000,000,000,000,000,000",6.23503E+14,,,703) 836-1021,,voice,,,
488,"12,730,444,192,774,400,000,000,000,000,000,000,000,000,000,000,000,000,000,000,000,000,000,000,000,000,000,000,000,000,000,000,000,000,000,000,000,000,000,000,000,000","12,416,418,202,481,300,000,000,000,000,000,000,000,000,000,000,000,000,000,000,000,000,000,000,000,000,000,000,000,000,000,000,000,000,000,000",1.141E+15,,,(866) 765-2272,,voice,,All centers,
489,,5.85677E+14,,,,(202) 508-0500,,,,,
490,7.70635E+14,"9,568,176,464,772,910,000,000,000,000,000,000,000,000,000,000,000,000,000,000,000,000,000,000,000,000,000,000,000,000,000,000,000,000,000,000",6.05135E+14,,,202-803-2340,,voice,,DC Phone,
491,1.05281E+15,"9,209,734,698,317,300,000,000,000,000,000",6.40186E+14,,,(202) 398-7275,,voice,,,
492,,"11,727,935,800,600,200,000,000,000,000,000,000,000,000,000,000,000,000,000,000,000,000,000,000,000,000,000,000,000,000,000,000,000,000,000,000,000",,,,(202) 470-1534,,,,,
493,1.11678E+15,"7,701,359,662,870,340,000,000,000,000,000,000,000,000,000,000",8.44235E+14,,,(202) 396-1200,,voice,,,
495,8.76206E+14,,6.10643E+14,,,(301) 441-2368,,,,,
496,1.29706E+15,,6.24727E+14,,,(202) 939-2402,,,,,
497,1.01292E+15,6.62642E+14,1.33145E+15,,,(202) 635-5953,,voice,,Anchor Counseling Services,
498,8.78783E+14,,1.1806E+15,,,(202) 362-2587,,fax,,,
499,,5.74349E+14,,,,(202) 508-0500,,,,,
500,,7.68962E+14,1.20425E+15,,,202-397-7300,,,,"East River Family Strengthening Collaborative, Inc. (ERFSC)",
501,1.29531E+15,"9,263,963,126,590,100,000,000,000,000,000,000,000,000,000,000,000,000,000,000,000",9.35708E+14,,,202.526.3020,,voice,,,
502,1.28665E+15,"78,945,656,579,184,300,000,000,000,000,000,000,000,000,000,000,000,000,000,000,000,000,000,000,000,000,000,000,000,000,000,000,000,000,000,000,000,000,000,000,000",7.27758E+14,,,(202) 889-2213,,fax,,,
503,"778,459,456,343,468,000,000,000,000,000,000,000,000,000,000,000,000,000,000,000,000,000,000,000,000","85,379,881,241,441,100,000,000,000,000,000,000,000,000,000,000,000,000,000,000,000",,recUGd1k63xKXonJW,,202-832-9400,,voice,,,
504,1.18294E+15,8.43621E+14,1.33145E+15,,,1-800-217-4273,,voice,,Toll free,
505,1.29502E+15,,,,,(202) 562-6860,,,,,
506,9.84059E+14,"5,925,112,606,133,840,000,000,000,000,000,000,000,000,000,000",9.00456E+14,,,(202) 628-0009,,voice,,Asbury United Methodist Church,
507,"9,478,530,210,410,990,000,000,000,000,000","11,405,708,139,011,600,000,000,000,000,000,000,000,000,000,000,000,000,000,000,000,000,000,000,000,000,000,000,000,000,000",5.74965E+14,,,(202) 667-7006,,voice,,,
508,1.12887E+15,,1.11945E+15,,,(202) 518-6414,,,,,
509,6.14055E+14,7.24877E+14,,,,(202) 724-7000,,voice,,,
510,"8,369,047,782,710,680,000,000,000,000,000,000,000,000,000,000","1,209,187,247,938,710,000,000,000,000,000,000,000,000,000,000",6.12829E+14,,,(202) 462-3375,,voice,,Mazique Parent Child Resource Center,
511,1.10947E+15,,1.1853E+15,,,(202) 338-3100,,,,,
512,,9.85133E+14,,,,(202) 469-4699,,,,,
513,,1.0909E+15,1.141E+15,,,240.560.2272,,voice,,Citizenship Program,
514,9.31887E+14,"9,785,902,566,835,130,000,000,000,000,000,000,000,000,000,000,000,000,000,000,000,000,000,000,000,000",7.91951E+14,,,(202) 364-1419,,voice,,,
515,,"7,307,631,640,862,360,000,000,000,000,000,000,000,000,000,000",1.21959E+15,,,(202) 269-2277,,voice,,,
516,9.5592E+14,6.53859E+14,,,,(202) 793-2141,,voice,,,
517,8.18298E+14,6.05447E+14,,,,202-524-4344,,,,,
518,,,6.47477E+14,,,(202) 238- 4600,,,,,
519,,"1,296,730,701,251,440,000,000,000,000,000",8.02521E+14,,,(202) 465-4065,,,,,
520,1.27304E+15,,1.141E+15,,,(410) 732-2694,,voice,,Employment,
521,"595,592,759,444,028,000,000,000,000,000","646,395,612,481,753,000,000,000,000,000",1.1141E+15,,,(202) 882-1237,,voice,"en,es",,
522,,"869,725,690,004,657,000,000,000,000,000",,,,703-896-7551,,voice,,,
523,,9.85013E+14,1.32616E+15,recbSLM4mr0F0tyDd,,301-433-2460,,voice,,,
524,,1.234E+15,1.3232E+15,recZRRY7134z8vYAj,,240-903-0522,,voice,,,
525,1.27284E+15,,5.48126E+14,,,(202) 207-2361,,,,,
526,8.56111E+14,,1.29263E+15,,,(202) 667-9100,,,,,
527,,1.15801E+15,1.3232E+15,recqKW5cJ3qMkDCb1,,(415) 412-3505,,voice,,,
528,,6.36733E+14,1.3232E+15,recsumFWWF6tqz9Fm,,(202) 660-1636,,voice,,,
529,,5.86063E+14,8.40733E+14,,,(202) 846-8053,,,,Maternal Mental Health program,
530,9.655E+14,,1.2007E+15,,,(202) 527-7014,,,,,
531,1.28709E+15,,1.27469E+15,,,(202) 561-3000,,,,,
532,"1,238,893,972,656,140,000,000,000,000,000,000,000,000,000,000,000,000,000,000,000","893,345,439,899,253,000,000,000,000,000","8,904,691,143,492,170,000,000,000,000,000",,,202-347-8870,,voice,,,
533,,,,,,202-715-7696,,,,,
534,,7.77482E+14,,,,(800) 666-2229,,,,,
535,,9.20717E+14,1.25664E+15,,,1-202-423-0480,,voice,,,
536,1.28332E+15,,,,,301-765-5469,,,,,
537,5.93421E+14,6.72042E+14,,,,(202) 299-0827,,fax,,,
538,,"610,489,256,524,292,000,000,000,000,000",1.1806E+15,,,202-715-7649,,voice,,,
539,1.20423E+15,9.38871E+14,7.78852E+14,,,1-877-508-6667,,voice,,,
540,8.67189E+14,,1.19587E+15,,,2027350979,,,,,
541,8.14793E+14,,7.82303E+14,,,(202) 636-2950,,,,,
542,9.79564E+14,,1.141E+15,,,301.431.4177,,voice,,Employment,
543,"7,686,399,141,644,980,000,000,000,000,000,000,000,000,000,000,000,000,000,000,000","10,882,966,242,717,800,000,000,000,000,000,000,000,000,000,000,000,000,000,000,000,000,000,000,000,000",1.09176E+15,,,202.727.2132,,fax,,,
544,9.16631E+14,,1.09794E+15,,,202.467.4949,,fax,,,
545,7.28146E+14,6.71724E+14,8.09193E+14,,,202-333-7273,,voice,,HOTLINE,
546,,"1,135,905,810,909,480,000,000,000,000,000,000,000,000,000,000",8.55094E+14,,,(301) 738-3252,,voice,,,
547,8.14721E+14,"11,078,896,201,483,100,000,000,000,000,000,000,000,000,000,000,000,000,000,000,000",1.19528E+15,,,(202) 541-6200,,voice,,,
548,,,5.59498E+14,,,(202) 601-9200,,,,,
549,1.2826E+15,7.75821E+14,,,,1-888-884-2327,,voice,,,
550,,8.70219E+14,,,,2024763867,,,,,
551,,1.19522E+15,,,,202-476-2486,,,,,
553,9.99755E+14,,7.61154E+14,,,202-610-5900,,voice,,,
554,1.108E+15,6.53859E+14,,,,(202) 722-2288,,fax,,,
555,7.65116E+14,"10,528,746,130,144,300,000,000,000,000,000",1.1806E+15,,,(202) 289-5690,,voice,,,
556,,8.21537E+14,8.55094E+14,,,240.283.1522,,,,,
557,8.47752E+14,,,,,301-297-4000,,voice,,,
558,,1.13588E+15,1.09313E+15,,,(202) 434-2190,,voice,,AARP Long-Term Care Helpline,
559,,1.30005E+15,,,,(202) 674-3754,,,,,
560,,,,,,202-727-0321,,,,,
561,1.19961E+15,6.62348E+14,1.09313E+15,,,(202) 434-2094,,voice,,AARP Legal Counsel for the Elderly's Self Help Office phone line,
562,7.6373E+14,"71,304,609,533,147,300,000,000,000,000,000,000,000,000,000,000,000,000,000,000,000",1.16935E+15,,,(202) 678-8060,,voice,,,
563,1.09144E+15,"12,416,418,202,481,300,000,000,000,000,000,000,000,000,000,000",1.141E+15,,,240.491.5763,,voice,,Front Desk,
564,9.94309E+14,,,,,(202) 561-0336,,fax,,,
565,6.91607E+14,9.58582E+14,1.22011E+15,,,(202) 737-6191,,,,,
566,,5.73931E+14,,rec7bpBVIsIsemlm1,,202-448-1458,,,,,
567,"8,561,263,416,197,480,000,000,000,000,000",,,,,301-765-5400,,voice,,,
568,7.91198E+14,6.47808E+14,6.06017E+14,,,(202) 331-1495,,voice,,,
569,"1,262,159,504,249,540,000,000,000,000,000,000,000,000,000,000,000,000,000,000,000","12,242,377,847,519,700,000,000,000,000,000,000,000,000,000,000,000,000,000,000,000,000,000,000,000,000,000,000,000,000,000,000,000,000,000,000,000,000,000,000,000,000,000,000,000,000,000",1.27923E+15,,,(202) 328-6608,,,,,
570,1.18601E+15,"76,101,822,872,241,800,000,000,000,000,000,000,000,000,000,000,000,000,000,000,000,000,000,000,000,000,000,000,000,000,000,000,000,000,000,000,000,000,000,000,000,000,000,000,000,000,000,000,000,000,000,000",1.18608E+15,,,(202) 939-2076,,voice,,,
571,"6,293,483,295,137,570,000,000,000,000,000,000,000,000,000,000","12,593,496,652,376,500,000,000,000,000,000,000,000,000,000,000,000,000,000,000,000,000,000,000,000,000,000,000,000,000,000,000,000,000,000,000",8.40733E+14,,,(202) 483-8196,,voice,,,
572,,,7.89345E+14,,,(202) 678-1993,,voice,,,
573,8.75108E+14,,9.64889E+14,,,(202) 234-0792,,fax,,,
574,5.86004E+14,1.27712E+15,1.19126E+15,,,(202) 889-7900,,voice,,,
575,"7,686,399,141,644,980,000,000,000,000,000,000,000,000,000,000,000,000,000,000,000","10,882,966,242,717,800,000,000,000,000,000,000,000,000,000,000,000,000,000,000,000,000,000,000,000,000",1.09176E+15,,,(202) 628-1161,,voice,,,
576,1.08371E+15,8.38392E+14,,,,(202) 546-4900,,,,,
577,5.79383E+14,9.60052E+14,6.43566E+14,,,(202) 289-4480,,voice,,,
578,6.65577E+14,,8.86723E+14,,,(202) 730-1700,,,,,
579,1.17534E+15,"8,058,002,588,885,130,000,000,000,000,000,000,000,000,000,000,000,000,000,000,000,000,000,000,000,000,000,000,000,000,000,000,000,000,000,000,000,000,000,000,000,000,000,000,000,000,000,000,000,000,000",5.84105E+14,,,240-532-7000,,voice,,,
580,5.74115E+14,1.15778E+15,,,,240-764-8274,,,,,
581,1.20694E+15,,1.13098E+15,,,(202) 296-5363,,,,,
582,1.22368E+15,9.20928E+14,"874,266,502,610,128,000,000,000,000,000",,,(202) 724-5622,,voice,,,
583,,,,,,202.844.4000,,,,,
584,,9.74563E+14,1.01354E+15,,,240-997-0176,,voice,,,
585,"1,090,162,375,763,710,000,000,000,000,000","8,598,971,615,570,470,000,000,000,000,000,000,000,000,000,000,000,000,000,000,000,000,000,000,000,000,000,000,000,000,000",1.19587E+15,,,202.540.9857,,voice,,Conway Health and Resource Center - Medical,
586,1.31583E+15,"7,504,657,874,342,750,000,000,000,000,000,000,000,000,000,000,000,000,000,000,000",1.28713E+15,,,(202) 678-2341,,voice,,,
587,9.59978E+14,,1.32616E+15,,,202-388-4332,,fax,,,
588,9.31729E+14,,,,,(202) 832-1984,,fax,,,
589,,1.08695E+15,,,,(202) 469-4699,,,,,
590,1.15013E+15,"8,814,033,449,649,720,000,000,000,000,000",9.083E+14,,,(202) 667-8970,,voice,,Jubilee Jobs - NW DC Office,
591,,8.04742E+14,,,,(202) 508-0500,,,,,
592,1.108E+15,6.53859E+14,1.34133E+15,,,(202) 722-2280,,voice,,,
593,,1.17601E+15,,,,301-765-5425,,,,,
594,6.35908E+14,,8.72299E+14,,,(202) 373-0052,,fax,,OIC/DC Headquarters,
595,1.26834E+15,,8.87096E+14,,,(202) 399-1385,,,,,
596,7.94801E+14,,1.19587E+15,,,202.373.0548,,,,,
597,,1.23846E+15,,,,(202) 838-9283,,,,,
598,,7.23134E+14,8.55094E+14,,,301.255.4212,,voice,,,
599,,,5.92261E+14,,,202724-5626,,voice,,Department of Aging and Community Living,
600,,1.14032E+15,1.3232E+15,rec5L2s4leWiTXeRU,,(202) 319-0422,,voice,,,
601,,7.67683E+14,8.40733E+14,,,(202) 269-0487,,voice,,,
602,,1.2672E+15,8.0111E+14,rec96wCokn8i44HsC,,(202) 503-1522,,voice,,,
603,,"784,062,651,801,689,000,000,000,000,000,000,000,000,000,000",8.40733E+14,,,(202) 232-7777,,,,,
604,1.20365E+15,,1.18264E+15,,,(202) 723-3000,,,,,
605,7.64854E+14,,6.82552E+14,,,571.748.2600,,voice,,,
606,9.03708E+14,,7.75875E+14,,,Phone No: (202) 797-8806 Ext: 1041,,,,,
607,9.65471E+14,,1.1806E+15,,,(301) 587-0190,,voice,,,
608,9.46508E+14,"869,725,690,004,657,000,000,000,000,000",9.7056E+14,,,(301) 587-9666,,voice,,,
609,"6,293,483,295,137,570,000,000,000,000,000,000,000,000,000,000","1259349665237657,1189947540122655,969095511875672,1147407982912051,754669198968415,1208776169183354,739078424499970,580520440912412,637113061667348,1249176990484846,918238055415108,615988503257217,1300052909750200,1028365853402776,1035362732313948,586062612640149,727116699390008,924435449967844,966657126572943",,,,844-796-2797,,voice,,Appointment Line,
610,1.22849E+15,8.889E+14,,,,(202) 386-7616,,,,,
611,6.44199E+14,"13,375,704,087,008,500,000,000,000,000,000,000,000,000,000,000",8.72299E+14,,,(202) 373-0330,,voice,,OIC/DC Training Center,
612,5.56993E+14,,,,,(202) 636-4225,,,,,
613,9.16631E+14,1.10256E+15,1.09794E+15,,,202.467.4900,,voice,,,
614,1.19965E+15,8.73611E+14,5.7289E+14,,,(703) 820-7111,,voice,,,
615,,"61,598,850,325,721,700,000,000,000,000,000,000,000,000,000,000",,,,(202) 851-3671,,,,,
616,,,,,,301-608-3504,,,,,
617,,,,,,1256565656,,,,,
618,,,,,,9374686975,,,,,
619,,,,,,9374686976,,,,,
620,,,,,,9374686975,,,,,
621,,,,,,9374686976,,,,,
622,,,,,,93746869751,,,,,
623,,,,,,9.37469E+11,,,,,
624,,,,,,9.37469E+12,,,,,
625,,,,,,9.37469E+11,,,,,
626,,,,,,9.37469E+11,,,,,
627,,,,,,8200594004,,,,,
628,,,,,,9877987,,,,,
629,,,,,,12125551212,,,,,
